genome_id,genome_id.1,genus,source,species,quality,completeness,contamination,N50,contigs,genome_len,gc,assembly_level,year,date
GCF_000009765.2,GCF_000009765.2,Streptomyces,NCBI,avermitilis,HQ,99.89,0.79,9025608,2,9119895,0.7070135127652237,Complete Genome,2016,2016-03-24
GCF_000010605.1,GCF_000010605.1,Streptomyces,NCBI,griseus,HQ,99.84,0.0,8545929,1,8545929,0.7222740792721306,Complete Genome,2008,2008-04-08
GCF_000091305.1,GCF_000091305.1,Streptomyces,NCBI,scabiei,HQ,100.0,0.0,10148695,1,10148695,0.7145283211289727,Complete Genome,2009,2009-10-06
GCF_000092385.1,GCF_000092385.1,Streptomyces,NCBI,milbemycinicus,HQ,99.74,1.96,11936683,1,11936683,0.7075458902611387,Complete Genome,2010,2010-05-28
GCF_000147815.2,GCF_000147815.2,Streptomyces,NCBI,violaceusniger_A,HQ,100.0,1.05,10657107,3,11138313,0.708763616177782,Complete Genome,2011,2011-08-23
GCF_000148465.1,GCF_000148465.1,Streptomyces,NCBI,clavuligerus,HQ,99.58,1.07,6742175,5,9143376,0.7238901143410746,Chromosome,2010,2010-09-24
GCF_000154945.1,GCF_000154945.1,Streptomyces,NCBI,pristinaespiralis,HQ,92.25,0.35,8133379,1,8133379,0.7116314183762883,Chromosome,2010,2010-05-28
GCF_000154965.1,GCF_000154965.1,Streptomyces,NCBI,sviceus,HQ,96.64,0.43,9313494,1,9313494,0.7046408982540452,Chromosome,2010,2010-05-28
GCF_000163875.1,GCF_000163875.1,Streptomyces,NCBI,clavuligerus,HQ,98.93,0.72,6760392,2,8556892,0.7249717619852828,Chromosome,2010,2010-04-07
GCF_000177195.2,GCF_000177195.2,Streptomyces,NCBI,sp000177195,HQ,99.93,0.0,7414440,1,7414440,0.7174815630040839,Complete Genome,2011,2011-08-26
GCF_000213055.1,GCF_000213055.1,Streptomyces,NCBI,sp000213055,HQ,99.89,0.0,7359380,2,7506727,0.7307653623924567,Chromosome,2011,2011-05-12
GCF_000220705.2,GCF_000220705.2,Streptomyces,NCBI,xinghaiensis,HQ,100.0,1.32,7137891,1,7137891,0.7313751358769698,Complete Genome,2017,2017-09-12
GCF_000237305.1,GCF_000237305.1,Streptomyces,NCBI,cattleya,HQ,100.0,0.0,6283062,2,8092553,0.7301474577923679,Complete Genome,2011,2011-06-24
GCF_000240165.1,GCF_000240165.1,Streptomyces,NCBI,cattleya,HQ,100.0,0.0,6282967,2,8095515,0.7301351427302648,Complete Genome,2011,2011-12-27
GCF_000245355.1,GCF_000245355.1,Streptomyces,NCBI,olivaceoviridis,HQ,99.89,1.54,10145833,3,10383684,0.7184030945474742,Complete Genome,2012,2012-01-27
GCF_000253235.1,GCF_000253235.1,Streptomyces,NCBI,venezuelae,HQ,99.49,1.02,8226158,1,8226158,0.7248099732724904,Chromosome,2011,2011-04-13
GCF_000261345.2,GCF_000261345.2,Streptomyces,NCBI,rubiginosohelvolus,HQ,99.84,0.0,7608611,3,7783599,0.7154212338019983,Complete Genome,2016,2016-01-04
GCF_000280865.2,GCF_000280865.2,Streptomyces,NCBI,sioyaensis,HQ,99.91,0.52,7901452,1,7901452,0.7142961825244272,Complete Genome,2021,2021-04-21
GCF_000297155.3,GCF_000297155.3,Streptomyces,NCBI,tsukubensis,HQ,99.23,1.35,7950181,3,8005998,0.7185725002679241,Complete Genome,2020,2020-08-27
GCF_000331185.2,GCF_000331185.2,Streptomyces,NCBI,rimosus,HQ,100.0,2.57,9351267,2,9643891,0.7189011157425981,Complete Genome,2021,2021-03-19
GCF_000340845.1,GCF_000340845.1,Streptomyces,NCBI,olivaceoviridis,HQ,99.89,1.54,9840102,3,10077952,0.719822043208779,Complete Genome,2013,2013-02-19
GCF_000349325.1,GCF_000349325.1,Streptomyces,NCBI,davaonensis,HQ,99.39,0.79,9466619,2,9555950,0.705801023873246,Chromosome,2012,2012-10-09
GCF_000359525.1,GCF_000359525.1,Streptomyces,NCBI,albidoflavus,HQ,99.89,1.0,6841649,1,6841649,0.7332127093921363,Complete Genome,2013,2013-04-09
GCF_000364805.1,GCF_000364805.1,Streptomyces,NCBI,papulosus,HQ,99.84,0.09,7526197,2,7630245,0.7103356445304181,Complete Genome,2013,2013-04-15
GCF_000385945.1,GCF_000385945.1,Streptomyces,NCBI,microflavus,HQ,99.84,0.8,7905758,1,7905758,0.7147936984663583,Complete Genome,2013,2013-05-01
GCF_000403665.1,GCF_000403665.1,Streptomyces,NCBI,anthocyanicus,HQ,99.57,0.86,8496762,1,8496762,0.7216327504199523,Chromosome,2013,2013-06-04
GCF_000412265.2,GCF_000412265.2,Streptomyces,NCBI,goshikiensis,HQ,99.58,1.57,7868178,4,8716193,0.7213459148345096,Complete Genome,2015,2015-06-09
GCF_000418455.1,GCF_000418455.1,Streptomyces,NCBI,rapamycinicus,HQ,98.95,3.95,12700734,1,12700734,0.7109423853683298,Chromosome,2013,2013-07-08
GCF_000444875.1,GCF_000444875.1,Streptomyces,NCBI,collinus_A,HQ,99.89,1.79,8272925,3,8377286,0.7255082912313824,Complete Genome,2013,2013-08-06
GCF_000495635.2,GCF_000495635.2,Streptomyces,NCBI,albidoflavus,HQ,99.89270386266094,0.1430615164520743,7025021,2,7223458,0.7299296265029851,Complete Genome,2022,2022-10-12
GCF_000495755.1,GCF_000495755.1,Streptomyces,NCBI,albidoflavus,HQ,99.89,0.14,7007517,3,7106149,0.7306991206622552,Chromosome,2013,2013-11-07
GCF_000497425.1,GCF_000497425.1,Streptomyces,NCBI,niveus,HQ,99.27,0.89,8514960,5,8726876,0.707032449597367,Chromosome,2013,2013-11-27
GCF_000497445.1,GCF_000497445.1,Streptomyces,NCBI,roseochromogenus,HQ,97.6,0.72,9663240,2,9782257,0.7051183264858292,Chromosome,2013,2013-11-27
GCF_000695235.1,GCF_000695235.1,Streptomyces,NCBI,albulus_C,HQ,99.56,2.59,9360281,2,9372401,0.7231891806592569,Complete Genome,2014,2014-05-20
GCF_000707925.2,GCF_000707925.2,Streptomyces,NCBI,rimosus,HQ,100.0,2.21,8919161,1,8919161,0.7197197565444985,Chromosome,2019,2019-12-18
GCF_000739105.1,GCF_000739105.1,Streptomyces,NCBI,anthocyanicus,HQ,99.57,0.0,8345283,1,8345283,0.7224430855130977,Complete Genome,2014,2014-08-12
GCF_000761215.1,GCF_000761215.1,Streptomyces,NCBI,glaucescens_B,HQ,100.0,0.14,7453200,2,7623774,0.7291475324425933,Complete Genome,2014,2014-10-01
GCF_000772045.1,GCF_000772045.1,Streptomyces,NCBI,sp000772045,HQ,100.0,0.36,8274043,1,8274043,0.7212516299468108,Complete Genome,2014,2014-11-05
GCF_000802245.2,GCF_000802245.2,Streptomyces,NCBI,pluripotens,HQ,99.46,0.57,7346075,1,7346075,0.6994246587463373,Complete Genome,2017,2017-05-09
GCF_000816025.1,GCF_000816025.1,Streptomyces,NCBI,yunnanensis,HQ,99.44,2.58,10100774,2,10338286,0.7159873503209333,Complete Genome,2015,2015-01-07
GCF_000816465.3,GCF_000816465.3,Streptomyces,NCBI,pluripotens,HQ,99.46,0.57,7586568,1,7586568,0.6992052269221076,Complete Genome,2017,2017-07-24
GCF_000819545.1,GCF_000819545.1,Streptomyces,NCBI,nodosus,HQ,99.36,1.93,7714110,1,7714110,0.708820142467554,Chromosome,2015,2015-01-16
GCF_000827005.1,GCF_000827005.1,Streptomyces,NCBI,physcomitrii,HQ,99.89,0.0,8384669,1,8384669,0.7264432263217546,Complete Genome,2015,2015-01-21
GCF_000830005.1,GCF_000830005.1,Streptomyces,NCBI,vietnamensis,HQ,99.84,2.74,8867142,2,9153777,0.7199364808646748,Complete Genome,2015,2015-01-29
GCF_000931445.1,GCF_000931445.1,Streptomyces,NCBI,cyaneogriseus,HQ,99.57,0.64,7762396,1,7762396,0.7285908886895232,Complete Genome,2015,2015-02-23
GCF_000935185.3,GCF_000935185.3,Streptomyces,NCBI,albulus_C,HQ,99.91,2.53,9336218,1,9336218,0.723496066608556,Complete Genome,2018,2018-01-29
GCF_000952035.2,GCF_000952035.2,Streptomyces,NCBI,chattanoogensis,HQ,99.91,0.69,9307519,1,9307519,0.7067809370037278,Complete Genome,2017,2017-02-28
GCF_000993785.3,GCF_000993785.3,Streptomyces,NCBI,xiamenensis,HQ,95.82,0.53,5961402,1,5961402,0.720226215242656,Complete Genome,2019,2019-08-19
GCF_001011035.1,GCF_001011035.1,Streptomyces,NCBI,sp002847285,HQ,100.0,1.58,8039333,1,8039333,0.7306757576375749,Complete Genome,2015,2015-05-20
GCF_001013905.1,GCF_001013905.1,Streptomyces,NCBI,leeuwenhoekii,HQ,100.0,1.29,7903895,3,8122491,0.7267685492049175,Complete Genome,2015,2015-05-21
GCF_001027185.1,GCF_001027185.1,Streptomyces,NCBI,puniciscabiei,HQ,100.0,0.54,8648285,4,8897465,0.7170785196744565,Chromosome,2015,2015-06-03
GCF_001040905.1,GCF_001040905.1,Streptomyces,NCBI,tricolor,HQ,99.62,1.67,9153597,1,9153597,0.7274225822746525,Chromosome,2015,2015-06-26
GCF_001267885.1,GCF_001267885.1,Streptomyces,NCBI,ambofaciens,HQ,100.0,0.5,8303940,2,8393598,0.7218785078818404,Complete Genome,2015,2015-08-17
GCF_001278075.1,GCF_001278075.1,Streptomyces,NCBI,pristinaespiralis,HQ,99.93,0.35,8532592,1,8532592,0.7154140265935603,Complete Genome,2015,2015-09-02
GCF_001278095.1,GCF_001278095.1,Streptomyces,NCBI,bacillaris,HQ,99.84,1.33,8207742,2,8307279,0.7203164838932218,Complete Genome,2015,2015-09-02
GCF_001431765.1,GCF_001431765.1,Streptomyces,NCBI,albidoflavus,HQ,99.36,0.57,7090955,3,7258031,0.7332371548151282,Complete Genome,2015,2015-11-04
GCF_001434355.1,GCF_001434355.1,Streptomyces,NCBI,anulatus,HQ,99.84,0.0,8759578,2,8847108,0.7173543079351363,Chromosome,2015,2015-11-09
GCF_001447075.1,GCF_001447075.1,Streptomyces,NCBI,olivaceoviridis,HQ,99.89,1.31,8648026,2,10537932,0.7196042828896599,Complete Genome,2015,2015-11-20
GCF_001484565.1,GCF_001484565.1,Streptomyces,NCBI,panaciradicis,HQ,100.0,2.41,9902731,2,10191567,0.7153132585008762,Complete Genome,2016,2016-01-04
GCF_001542625.1,GCF_001542625.1,Streptomyces,NCBI,griseochromogenes,HQ,99.46,1.29,10764674,1,10764674,0.7075626256772848,Complete Genome,2016,2016-07-05
GCF_001577385.1,GCF_001577385.1,Streptomyces,NCBI,albidoflavus,HQ,99.89,0.57,7170504,1,7170504,0.7334006089390648,Complete Genome,2016,2016-02-29
GCF_001598115.1,GCF_001598115.1,Streptomyces,NCBI,antimycoticus,HQ,100.0,1.84,10858739,1,10858739,0.7086889186672596,Complete Genome,2021,2021-03-31
GCF_001611795.1,GCF_001611795.1,Streptomyces,NCBI,qaidamensis,HQ,99.89,0.57,9083372,1,9083372,0.7125790950761457,Complete Genome,2016,2016-04-06
GCF_001632865.1,GCF_001632865.1,Streptomyces,NCBI,ambofaciens,HQ,100.0,0.64,8137876,1,8137876,0.7232656285251827,Complete Genome,2016,2016-04-27
GCF_001636945.2,GCF_001636945.2,Streptomyces,NCBI,sp001636945,HQ,100.0,1.3948497854077253,9260562,3,10017507,0.7100394339629611,Complete Genome,2023,2023-03-16
GCF_001650215.1,GCF_001650215.1,Streptomyces,NCBI,himastatinicus,HQ,99.47,1.32,11142275,1,11142275,0.7127920465075579,Complete Genome,2016,2016-05-23
GCF_001654495.1,GCF_001654495.1,Streptomyces,NCBI,sp001654495,HQ,100.0,0.43,7472530,1,7472530,0.7315047246381079,Complete Genome,2016,2016-06-02
GCF_001660045.1,GCF_001660045.1,Streptomyces,NCBI,parvulus,HQ,100.0,0.86,7149446,2,7766531,0.727339271548649,Complete Genome,2016,2016-06-08
GCF_001685355.1,GCF_001685355.1,Streptomyces,NCBI,lincolnensis,HQ,99.75,0.57,10319054,1,10319054,0.7101042401755044,Complete Genome,2016,2016-07-15
GCF_001693675.1,GCF_001693675.1,Streptomyces,NCBI,clavuligerus,HQ,99.58,1.02,6883702,2,7590758,0.726106176560062,Complete Genome,2016,2016-07-26
GCF_001704195.1,GCF_001704195.1,Streptomyces,NCBI,albidoflavus,HQ,99.89,0.14,7070328,1,7070328,0.7338840574298675,Complete Genome,2016,2016-08-12
GCF_001729485.1,GCF_001729485.1,Streptomyces,NCBI,lydicus,HQ,99.91,2.02,8201357,1,8201357,0.7221860967642306,Complete Genome,2016,2016-09-16
GCF_001735805.1,GCF_001735805.1,Streptomyces,NCBI,fodineus,HQ,100.0,0.34,9698948,1,9698948,0.7108880262065536,Complete Genome,2016,2016-09-20
GCF_001750785.1,GCF_001750785.1,Streptomyces,NCBI,fradiae,HQ,99.84,1.1,6543262,1,6543262,0.7478433539723764,Complete Genome,2016,2016-10-03
GCF_001753425.1,GCF_001753425.1,Streptomyces,NCBI,physcomitrii,HQ,99.89,0.0,8308430,1,8308430,0.7264483181539714,Complete Genome,2016,2016-10-06
GCF_001767375.1,GCF_001767375.1,Streptomyces,NCBI,olivaceus,HQ,98.55,0.0,8180260,1,8180260,0.724055103383022,Complete Genome,2016,2016-10-18
GCF_001886595.1,GCF_001886595.1,Streptomyces,NCBI,venezuelae,HQ,99.49,0.85,8222198,2,8380320,0.7242033717089562,Complete Genome,2016,2016-11-28
GCF_001931635.1,GCF_001931635.1,Streptomyces,NCBI,parvus,HQ,99.93,0.53,7931832,1,7931832,0.7156904708083018,Complete Genome,2017,2017-01-04
GCF_001941845.1,GCF_001941845.1,Streptomyces,NCBI,sp001941845,HQ,99.46,1.46,7585034,1,7585034,0.722958130444768,Complete Genome,2017,2017-01-10
GCF_001975025.1,GCF_001975025.1,Streptomyces,NCBI,alfalfae,HQ,100.0,0.14,8625867,1,8625867,0.7209365736800718,Complete Genome,2017,2017-01-30
GCF_001983975.1,GCF_001983975.1,Streptomyces,NCBI,samsunensis,HQ,100.0,2.63,10029028,8,10184660,0.7120969183065512,Complete Genome,2017,2017-02-03
GCF_001984445.1,GCF_001984445.1,Streptomyces,NCBI,lydicus,HQ,99.91,2.61,8243179,1,8243179,0.7201482583357707,Complete Genome,2017,2017-02-03
GCF_002005225.1,GCF_002005225.1,Streptomyces,NCBI,pactum_A,HQ,100.0,0.0,8550793,1,8550793,0.7205586663131712,Complete Genome,2017,2017-02-21
GCF_002007685.1,GCF_002007685.1,Streptomyces,NCBI,amritsarensis,HQ,99.4,0.75,7929999,1,7929999,0.7250773928218655,Complete Genome,2017,2017-02-28
GCF_002009175.1,GCF_002009175.1,Streptomyces,NCBI,niveus_A,HQ,99.49,0.7,7990492,1,7990492,0.7046099289004982,Complete Genome,2017,2017-03-02
GCF_002019855.1,GCF_002019855.1,Streptomyces,NCBI,antibioticus_B,HQ,100.0,0.43,8480704,5,8506622,0.7190211077272819,Chromosome,2017,2017-03-06
GCF_002021875.1,GCF_002021875.1,Streptomyces,NCBI,violaceusniger_A,HQ,100.0,0.7,12012215,1,12012215,0.7075014058606177,Complete Genome,2017,2017-03-06
GCF_002028385.1,GCF_002028385.1,Streptomyces,NCBI,sp002080455,HQ,99.49,1.81,8232231,3,8991292,0.7150392846767739,Complete Genome,2017,2017-03-15
GCF_002028425.1,GCF_002028425.1,Streptomyces,NCBI,katrae_A,HQ,99.58,1.76,7504851,3,8056450,0.7272958597876209,Chromosome,2017,2017-03-15
GCF_002080455.1,GCF_002080455.1,Streptomyces,NCBI,sp002080455,HQ,99.58,1.46,7983613,2,8110698,0.7217301149666774,Complete Genome,2017,2017-04-06
GCF_002082175.1,GCF_002082175.1,Streptomyces,NCBI,californicus,HQ,99.93,0.47,7916045,1,7916045,0.726505344524949,Complete Genome,2017,2017-04-10
GCF_002082195.1,GCF_002082195.1,Streptomyces,NCBI,gilvosporeus,HQ,99.56,1.82,8482298,1,8482298,0.7095191656789234,Complete Genome,2017,2017-04-10
GCF_002090335.1,GCF_002090335.1,Streptomyces,NCBI,lydicus,HQ,99.58,2.53,8399509,1,8399509,0.7199291053798502,Complete Genome,2017,2017-04-13
GCF_002094995.1,GCF_002094995.1,Streptomyces,NCBI,bacillaris,HQ,99.84,0.8,7529075,2,7601864,0.7228798094783069,Complete Genome,2017,2017-04-18
GCF_002128305.1,GCF_002128305.1,Streptomyces,NCBI,marincola,HQ,96.46,1.37,6287975,1,6287975,0.7351880374842458,Complete Genome,2017,2017-05-11
GCF_002189675.2,GCF_002189675.2,Streptomyces,NCBI,alboflavus,HQ,98.82,0.29,9622415,3,9967549,0.7199596410311101,Complete Genome,2017,2017-10-18
GCF_002192455.1,GCF_002192455.1,Streptomyces,NCBI,albireticuli_B,HQ,99.56,1.88,8144417,1,8144417,0.728229657199527,Complete Genome,2017,2017-06-13
GCF_002214185.1,GCF_002214185.1,Streptomyces,NCBI,capitiformicae,HQ,99.89,0.64,10989391,1,10989391,0.7002521802678063,Chromosome,2017,2017-07-03
GCF_002288075.1,GCF_002288075.1,Streptomyces,NCBI,sp000213055,HQ,99.46,0.0,7088673,2,7232701,0.732957715243586,Complete Genome,2017,2017-09-08
GCF_002556545.1,GCF_002556545.1,Streptomyces,NCBI,formicae_A,HQ,100.0,1.14,9611874,1,9611874,0.7138314547194439,Complete Genome,2017,2017-10-16
GCF_002591335.1,GCF_002591335.1,Streptomyces,NCBI,samsunensis,HQ,100.0,3.16,10694678,2,10744231,0.7109311033986518,Complete Genome,2017,2017-10-18
GCF_002777535.1,GCF_002777535.1,Streptomyces,NCBI,xantholiticus,HQ,98.93,0.0,8023114,1,8023114,0.705939050110451,Complete Genome,2017,2017-11-16
GCF_002803845.1,GCF_002803845.1,Streptomyces,NCBI,lavendulae_C,HQ,99.58,2.18,8691711,2,8932792,0.7261810193274398,Complete Genome,2017,2017-12-04
GCF_002804165.1,GCF_002804165.1,Streptomyces,NCBI,bacillaris,HQ,99.84,0.98,7600475,1,7600475,0.7213092602764959,Complete Genome,2017,2017-12-04
GCF_002812405.1,GCF_002812405.1,Streptomyces,NCBI,samsunensis,HQ,100.0,4.74,11742376,1,11742376,0.7098902300522484,Complete Genome,2017,2017-12-06
GCF_002832675.1,GCF_002832675.1,Streptomyces,NCBI,sindenensis,HQ,99.03,0.0,7614683,1,7614683,0.7148518198328151,Complete Genome,2017,2017-12-11
GCF_002847285.1,GCF_002847285.1,Streptomyces,NCBI,sp002847285,HQ,100.0,1.26,8029398,1,8029398,0.7314149827919851,Complete Genome,2017,2017-12-23
GCF_002910725.2,GCF_002910725.2,Streptomyces,NCBI,albidoflavus,HQ,99.89,0.36,6975788,4,7179914,0.7335282846006234,Complete Genome,2018,2018-05-21
GCF_002910775.2,GCF_002910775.2,Streptomyces,NCBI,halstedii,HQ,99.84,0.8,7703166,1,7703166,0.7183798194145109,Complete Genome,2018,2018-05-21
GCF_002943895.1,GCF_002943895.1,Streptomyces,NCBI,bikiniensis,HQ,99.93,0.86,7467777,5,7852859,0.7273224949028119,Complete Genome,2018,2018-02-26
GCF_002946835.1,GCF_002946835.1,Streptomyces,NCBI,dengpaensis,HQ,100.0,2.43,8541354,3,8710171,0.6991954578159257,Complete Genome,2018,2018-02-22
GCF_003032475.1,GCF_003032475.1,Streptomyces,NCBI,sp003032475,HQ,100.0,0.39,9851971,1,9851971,0.7136580081285258,Complete Genome,2018,2018-04-04
GCF_003054555.1,GCF_003054555.1,Streptomyces,NCBI,lunaelactis,HQ,99.4,2.32,8396100,3,8570191,0.6975426802039768,Complete Genome,2018,2018-04-17
GCF_003074055.1,GCF_003074055.1,Streptomyces,NCBI,nigra,HQ,99.71,0.21,7641029,1,7641029,0.7191230395801403,Complete Genome,2018,2018-04-30
GCF_003097515.1,GCF_003097515.1,Streptomyces,NCBI,tirandamycinicus,HQ,99.49,0.35,7289495,1,7289495,0.7246359315700196,Complete Genome,2018,2018-05-08
GCF_003122365.1,GCF_003122365.1,Streptomyces,NCBI,spongiicola,HQ,99.4,0.23,7180417,1,7180417,0.7244913491793026,Complete Genome,2018,2018-05-14
GCF_003147545.1,GCF_003147545.1,Streptomyces,NCBI,globisporus,HQ,98.41,0.35,7488586,3,7666521,0.715399853466781,Complete Genome,2018,2018-05-22
GCF_003173275.1,GCF_003173275.1,Streptomyces,NCBI,libani,HQ,99.91,1.88,9641634,2,9687439,0.7078301086592649,Complete Genome,2018,2018-05-28
GCF_003208035.1,GCF_003208035.1,Streptomyces,NCBI,griseosporeus,HQ,100.0,0.0,8145579,1,8145579,0.7253268306648306,Complete Genome,2018,2018-06-12
GCF_003261055.1,GCF_003261055.1,Streptomyces,NCBI,cadmiisoli,HQ,100.0,0.93,9269371,2,10239272,0.7075966924211018,Complete Genome,2018,2018-06-24
GCF_003268535.2,GCF_003268535.2,Streptomyces,NCBI,niveiscabiei,HQ,99.64,0.79,10171198,1,10171198,0.7143213611611926,Complete Genome,2021,2021-09-07
GCF_003287915.1,GCF_003287915.1,Streptomyces,NCBI,sp003287935,HQ,99.58,2.19,9010404,1,9010404,0.7203193508917425,Chromosome,2018,2018-07-04
GCF_003287935.1,GCF_003287935.1,Streptomyces,NCBI,sp003287935,HQ,99.58,2.02,9034319,1,9034319,0.7201614570856604,Chromosome,2018,2018-07-04
GCF_003325375.1,GCF_003325375.1,Streptomyces,NCBI,globosus,HQ,99.49,0.4,6863360,3,7535750,0.7364785190591514,Complete Genome,2018,2018-07-17
GCF_003330845.1,GCF_003330845.1,Streptomyces,NCBI,sp003330845,HQ,100.0,0.86,8570609,1,8570609,0.7195690527942646,Complete Genome,2018,2018-07-20
GCF_003330865.1,GCF_003330865.1,Streptomyces,NCBI,atratus,HQ,99.93,1.0,9641288,1,9641288,0.6959116873181259,Complete Genome,2018,2018-07-20
GCF_003344445.1,GCF_003344445.1,Streptomyces,NCBI,lincolnensis,HQ,99.64,0.14,9513637,1,9513637,0.710631906598917,Complete Genome,2018,2018-07-27
GCF_003344965.1,GCF_003344965.1,Streptomyces,NCBI,paludis,HQ,99.58,1.06,8454852,1,8454852,0.7118746726731585,Complete Genome,2018,2018-07-30
GCF_003352445.1,GCF_003352445.1,Streptomyces,NCBI,bacillaris,HQ,99.84,0.98,7613757,1,7613757,0.7212452406873505,Complete Genome,2018,2018-08-01
GCF_003355155.1,GCF_003355155.1,Streptomyces,NCBI,armeniacus,HQ,98.72,1.25,8083249,1,8083249,0.7237062156297788,Chromosome,2018,2018-08-05
GCF_003369795.1,GCF_003369795.1,Streptomyces,NCBI,sp003369795,HQ,100.0,0.0,7787608,1,7787608,0.7194694442760858,Complete Genome,2018,2018-08-10
GCF_003391135.1,GCF_003391135.1,Streptomyces,NCBI,olivoreticuli,HQ,99.29,3.68,8809793,1,8809793,0.7110885579263894,Complete Genome,2018,2018-08-14
GCF_003428925.1,GCF_003428925.1,Streptomyces,NCBI,albidoflavus,HQ,99.89,0.14,7220839,1,7220839,0.7302690172153126,Complete Genome,2018,2018-08-27
GCF_003443735.1,GCF_003443735.1,Streptomyces,NCBI,sviceus,HQ,99.89,0.43,9320089,1,9320089,0.705852272440746,Complete Genome,2018,2018-09-04
GCF_003454755.1,GCF_003454755.1,Streptomyces,NCBI,clavuligerus,HQ,99.58,1.02,6900908,3,8059125,0.7252905247157725,Complete Genome,2018,2018-09-05
GCF_003573485.1,GCF_003573485.1,Streptomyces,NCBI,alfalfae,HQ,100.0,0.14,8081458,1,8081458,0.7213241029834228,Complete Genome,2018,2018-09-18
GCF_003595235.1,GCF_003595235.1,Streptomyces,NCBI,griseorubiginosus,HQ,100.0,0.43,9512378,1,9512378,0.709427758232484,Complete Genome,2018,2018-09-25
GCF_003595545.1,GCF_003595545.1,Streptomyces,NCBI,violaceusniger_A,HQ,100.0,0.53,11603877,2,11655206,0.7085004760962612,Complete Genome,2017,2017-08-02
GCF_003610995.1,GCF_003610995.1,Streptomyces,NCBI,sp003116725,HQ,99.72,0.35,7238194,1,7238194,0.7170149073097516,Complete Genome,2018,2018-10-03
GCF_003627815.1,GCF_003627815.1,Streptomyces,NCBI,hundungensis,HQ,99.64,0.53,8393044,1,8393044,0.7094014996227829,Complete Genome,2018,2018-10-09
GCF_003665435.1,GCF_003665435.1,Streptomyces,NCBI,fungicidicus,HQ,100.0,0.64,6740768,2,7667496,0.7221547947335089,Complete Genome,2018,2018-10-17
GCF_003675325.1,GCF_003675325.1,Streptomyces,NCBI,dangxiongensis,HQ,99.46,0.25,8085191,2,8157885,0.7211915833576963,Complete Genome,2018,2018-10-23
GCF_003675345.1,GCF_003675345.1,Streptomyces,NCBI,physcomitrii,HQ,99.89,0.0,8317371,1,8317371,0.7264517838629538,Complete Genome,2018,2018-10-23
GCF_003721495.1,GCF_003721495.1,Streptomyces,NCBI,goshikiensis,HQ,99.93,1.45,8184000,5,9086421,0.7203609650048133,Complete Genome,2018,2018-11-12
GCF_003932715.1,GCF_003932715.1,Streptomyces,NCBI,tsukubensis,HQ,99.23,1.35,7963742,3,8019548,0.7185992277869027,Complete Genome,2018,2018-12-10
GCF_003945505.1,GCF_003945505.1,Streptomyces,NCBI,sp002847285,HQ,99.47,1.05,8324535,1,8324535,0.7318484455888528,Complete Genome,2018,2018-12-14
GCF_003945525.1,GCF_003945525.1,Streptomyces,NCBI,speibonae,HQ,99.57,0.43,8138328,2,8201167,0.7196136842476198,Complete Genome,2018,2018-12-14
GCF_003945545.1,GCF_003945545.1,Streptomyces,NCBI,sp003945545,HQ,99.46,0.29,8270461,1,8270461,0.7131575857742392,Complete Genome,2018,2018-12-14
GCF_003950035.1,GCF_003950035.1,Streptomyces,NCBI,sp000158895,HQ,99.58,1.23,7272878,3,8068143,0.7314116767637857,Complete Genome,2018,2018-12-15
GCF_003950055.1,GCF_003950055.1,Streptomyces,NCBI,sp000772045,HQ,100.0,0.0,8082236,1,8082236,0.7221465693404647,Complete Genome,2018,2018-12-15
GCF_003955715.1,GCF_003955715.1,Streptomyces,NCBI,aquilus,HQ,100.0,0.64,10393987,1,10393987,0.7084778920735614,Complete Genome,2018,2018-12-19
GCF_003963535.1,GCF_003963535.1,Streptomyces,NCBI,cyaneochromogenes,HQ,100.0,0.54,10677137,1,10677137,0.7062993572153284,Complete Genome,2018,2018-12-23
GCF_003970715.1,GCF_003970715.1,Streptomyces,NCBI,abikoensis,HQ,99.64,1.64,7367863,1,7367863,0.7205272410738365,Complete Genome,2018,2018-12-25
GCF_003994375.1,GCF_003994375.1,Streptomyces,NCBI,libani,HQ,100.0,0.83,9125666,1,9125666,0.707989531942107,Complete Genome,2019,2019-01-05
GCF_003994395.1,GCF_003994395.1,Streptomyces,NCBI,griseoviridis_A,HQ,99.68,0.86,8963414,1,8963414,0.7237874988257822,Complete Genome,2019,2019-01-05
GCF_004104485.1,GCF_004104485.1,Streptomyces,NCBI,murinus,HQ,99.89,0.68,8428700,1,8428700,0.718257263872246,Complete Genome,2019,2019-01-24
GCF_004104505.1,GCF_004104505.1,Streptomyces,NCBI,plumbidurans,HQ,100.0,1.0,8718751,1,8718751,0.7068791160568756,Complete Genome,2019,2019-01-24
GCF_004328625.1,GCF_004328625.1,Streptomyces,NCBI,bauhiniae,HQ,100.0,0.64,6339363,2,6426245,0.7185854258591137,Complete Genome,2019,2019-03-06
GCF_004524875.1,GCF_004524875.1,Streptomyces,NCBI,papulosus,HQ,99.05,0.09,7173651,2,7461832,0.7104901316459551,Complete Genome,2019,2019-03-30
GCF_004795715.1,GCF_004795715.1,Streptomyces,NCBI,rochei,HQ,99.57,0.42,8184045,1,8184045,0.7246587720375438,Complete Genome,2019,2019-04-16
GCF_004803895.1,GCF_004803895.1,Streptomyces,NCBI,hawaiiensis,HQ,99.68,0.43,8876928,1,8876928,0.7099426738619486,Complete Genome,2019,2019-04-23
GCF_005222485.1,GCF_005222485.1,Streptomyces,NCBI,griseoviridis_A,HQ,99.68,0.86,8962736,1,8962736,0.723807774768776,Complete Genome,2019,2019-05-07
GCF_005490965.1,GCF_005490965.1,Streptomyces,NCBI,rochei,HQ,100.0,0.0,7653753,4,8079654,0.7258623946025411,Complete Genome,2019,2019-05-17
GCF_005517195.1,GCF_005517195.1,Streptomyces,NCBI,exfoliatus_B,HQ,99.58,1.26,7646296,1,7646296,0.7158855738778619,Complete Genome,2019,2019-05-20
GCF_005519465.1,GCF_005519465.1,Streptomyces,NCBI,clavuligerus,HQ,99.58,1.07,6748591,2,8544086,0.7250110778379337,Complete Genome,2019,2019-05-20
GCF_005860785.2,GCF_005860785.2,Streptomyces,NCBI,fildesensis,HQ,100.0,1.31,9564008,1,9564008,0.7042702180926658,Complete Genome,2020,2020-08-27
GCF_006088715.1,GCF_006088715.1,Streptomyces,NCBI,sp006088715,HQ,100.0,0.79,10130554,2,11098444,0.7242415243073713,Complete Genome,2019,2019-06-06
GCF_006229535.1,GCF_006229535.1,Streptomyces,NCBI,rimosus,HQ,100.0,2.57,9365899,2,9658503,0.71885218651379,Complete Genome,2019,2019-06-11
GCF_006516935.1,GCF_006516935.1,Streptomyces,NCBI,griseorubiginosus,HQ,100.0,0.86,9226027,1,9226027,0.7115204627083792,Complete Genome,2019,2019-06-29
GCF_006716135.1,GCF_006716135.1,Streptomyces,NCBI,calvus,HQ,100.0,0.64,7766581,1,7766581,0.725143534844998,Complete Genome,2019,2019-07-08
GCF_006974005.1,GCF_006974005.1,Streptomyces,NCBI,samsunensis,HQ,99.47,3.16,10670746,1,10670746,0.7109629448587755,Complete Genome,2019,2019-07-15
GCF_007113405.2,GCF_007113405.2,Streptomyces,NCBI,mirabilis,HQ,100.0,1.5,11765395,1,11765395,0.7023337508005468,Complete Genome,2020,2020-02-12
GCF_007113425.2,GCF_007113425.2,Streptomyces,NCBI,mirabilis,HQ,100.0,1.68,12022941,1,12022941,0.702049689838784,Complete Genome,2020,2020-02-10
GCF_007113445.1,GCF_007113445.1,Streptomyces,NCBI,mirabilis,HQ,100.0,1.5,11898970,1,11898970,0.7024226470072269,Chromosome,2019,2019-07-18
GCF_007113465.1,GCF_007113465.1,Streptomyces,NCBI,mirabilis,HQ,100.0,1.72,12042091,1,12042091,0.7020862763126328,Chromosome,2019,2019-07-18
GCF_007113485.2,GCF_007113485.2,Streptomyces,NCBI,mirabilis,HQ,100.0,1.61,12057750,1,12057750,0.7018599686674025,Chromosome,2020,2020-02-10
GCF_007113505.2,GCF_007113505.2,Streptomyces,NCBI,mirabilis,HQ,100.0,1.72,12037094,1,12037094,0.7020972005369402,Complete Genome,2020,2020-02-10
GCF_007113525.2,GCF_007113525.2,Streptomyces,NCBI,mirabilis,HQ,100.0,1.72,11940408,3,12201201,0.701992861194566,Complete Genome,2020,2020-02-12
GCF_007113545.2,GCF_007113545.2,Streptomyces,NCBI,mirabilis,HQ,100.0,2.04,12338170,2,12448484,0.7012581180404961,Chromosome,2020,2020-02-10
GCF_007113565.2,GCF_007113565.2,Streptomyces,NCBI,mirabilis,HQ,100.0,1.47,11713216,2,12005569,0.7023714972197661,Chromosome,2020,2020-02-10
GCF_007113585.2,GCF_007113585.2,Streptomyces,NCBI,mirabilis,HQ,100.0,1.65,11851273,2,12245359,0.7017524790452923,Chromosome,2020,2020-02-10
GCF_007113665.2,GCF_007113665.2,Streptomyces,NCBI,mirabilis,HQ,100.0,1.5,11723552,3,11934630,0.7021008611075501,Complete Genome,2020,2020-02-10
GCF_007363395.1,GCF_007363395.1,Streptomyces,NCBI,spectabilis,HQ,99.89,1.0,9505665,1,9505665,0.7244455806090369,Complete Genome,2019,2019-07-24
GCF_007856155.1,GCF_007856155.1,Streptomyces,NCBI,qinzhouensis,HQ,99.23,1.0,8146484,1,8146484,0.715022701818355,Complete Genome,2019,2019-08-06
GCF_008064995.1,GCF_008064995.1,Streptomyces,NCBI,griseofuscus,HQ,99.89,0.25,8364802,1,8364802,0.7169986809012335,Complete Genome,2019,2019-07-31
GCF_008632955.1,GCF_008632955.1,Streptomyces,NCBI,sp000527195,HQ,99.16,0.0,6900068,3,7343456,0.7219333785073404,Complete Genome,2019,2019-09-23
GCF_008639045.1,GCF_008639045.1,Streptomyces,NCBI,venezuelae,HQ,99.49,0.85,7893803,1,7893803,0.7253573467693581,Complete Genome,2019,2019-09-23
GCF_008639165.1,GCF_008639165.1,Streptomyces,NCBI,venezuelae,HQ,99.49,0.85,8223505,1,8223505,0.7246421082008219,Complete Genome,2019,2019-09-23
GCF_008642275.1,GCF_008642275.1,Streptomyces,NCBI,venezuelae_E,HQ,99.84,0.97,7746267,1,7746267,0.7213719847250295,Complete Genome,2019,2019-09-23
GCF_008642295.1,GCF_008642295.1,Streptomyces,NCBI,venezuelae_C,HQ,99.58,1.06,7525322,1,7525322,0.7186651946587801,Complete Genome,2019,2019-09-23
GCF_008642315.1,GCF_008642315.1,Streptomyces,NCBI,venezuelae_D,HQ,99.89,1.02,8942078,1,8942078,0.711867756018232,Complete Genome,2019,2019-09-23
GCF_008642335.1,GCF_008642335.1,Streptomyces,NCBI,venezuelae_F,HQ,99.89,0.66,8048154,1,8048154,0.7134878383291373,Complete Genome,2019,2019-09-23
GCF_008642355.1,GCF_008642355.1,Streptomyces,NCBI,venezuelae_B,HQ,99.89,0.8,8018484,1,8018484,0.7126466798462153,Complete Genome,2019,2019-09-23
GCF_008642375.1,GCF_008642375.1,Streptomyces,NCBI,narbonensis,HQ,99.75,1.1,8558202,1,8558202,0.7192355356884542,Complete Genome,2019,2019-09-23
GCF_008704395.1,GCF_008704395.1,Streptomyces,NCBI,alboniger,HQ,99.89,1.43,7962786,1,7962786,0.7116079723855444,Complete Genome,2019,2019-09-26
GCF_008704425.1,GCF_008704425.1,Streptomyces,NCBI,fradiae,HQ,99.84,1.27,6725579,1,6725579,0.7469973960606217,Complete Genome,2019,2019-09-26
GCF_008704445.1,GCF_008704445.1,Streptomyces,NCBI,prasinus,HQ,99.93,0.27,7647592,1,7647592,0.7202512895562421,Complete Genome,2019,2019-09-26
GCF_008704495.1,GCF_008704495.1,Streptomyces,NCBI,kanamyceticus,HQ,99.46,1.57,10133897,1,10133897,0.7103040419692445,Complete Genome,2019,2019-09-26
GCF_008704515.1,GCF_008704515.1,Streptomyces,NCBI,viridosporus,HQ,99.89,0.7,7280536,1,7280536,0.7255647111696172,Complete Genome,2019,2019-09-26
GCF_008704535.1,GCF_008704535.1,Streptomyces,NCBI,subrutilus,HQ,99.14,0.76,7604974,1,7604974,0.7344777247101699,Complete Genome,2019,2019-09-26
GCF_008704555.1,GCF_008704555.1,Streptomyces,NCBI,nitrosporeus,HQ,99.84,0.73,7581562,1,7581562,0.7217223838570469,Complete Genome,2019,2019-09-26
GCF_008704575.1,GCF_008704575.1,Streptomyces,NCBI,bobili,HQ,100.0,0.0,7756194,1,7756194,0.7144011611880775,Complete Genome,2019,2019-09-26
GCF_008704655.1,GCF_008704655.1,Streptomyces,NCBI,rimosus,HQ,100.0,2.21,9361154,1,9361154,0.7195970710448734,Complete Genome,2019,2019-09-26
GCF_008704715.1,GCF_008704715.1,Streptomyces,NCBI,chartreusis,HQ,100.0,0.14,9912098,1,9912098,0.7099117664090892,Complete Genome,2019,2019-09-26
GCF_008704795.1,GCF_008704795.1,Streptomyces,NCBI,spectabilis,HQ,99.68,1.0,9807160,1,9807160,0.7243657694990191,Complete Genome,2019,2019-09-26
GCF_008704855.1,GCF_008704855.1,Streptomyces,NCBI,platensis,HQ,99.91,0.83,8501012,1,8501012,0.7108761874468593,Complete Genome,2019,2019-09-26
GCF_008704935.1,GCF_008704935.1,Streptomyces,NCBI,vinaceus,HQ,99.49,0.92,7673509,1,7673509,0.7233630663624686,Complete Genome,2019,2019-09-26
GCF_008704995.1,GCF_008704995.1,Streptomyces,NCBI,nodosus,HQ,99.89,1.93,7772587,1,7772587,0.7087869199791523,Complete Genome,2019,2019-09-26
GCF_008705135.1,GCF_008705135.1,Streptomyces,NCBI,coeruleorubidus,HQ,100.0,0.0,9335698,1,9335698,0.710874109252463,Complete Genome,2019,2019-09-26
GCF_008705255.1,GCF_008705255.1,Streptomyces,NCBI,venezuelae,HQ,99.49,1.06,7871480,1,7871480,0.7253468216904572,Complete Genome,2019,2019-09-23
GCF_008931305.1,GCF_008931305.1,Streptomyces,NCBI,anthocyanicus,HQ,99.57,0.0,8667664,1,8667664,0.7211928150422074,Complete Genome,2019,2019-10-09
GCF_009025935.1,GCF_009025935.1,Streptomyces,NCBI,sp001865245,HQ,99.84,1.69,6898902,1,6898902,0.7351454248453946,Chromosome,2019,2019-10-15
GCF_009184865.1,GCF_009184865.1,Streptomyces,NCBI,phaeolivaceus,HQ,99.89,1.0,10116136,2,10175440,0.7085901936427319,Complete Genome,2019,2019-10-20
GCF_009296025.1,GCF_009296025.1,Streptomyces,NCBI,tsukubensis_B,HQ,99.46,1.07,8615214,2,8633980,0.7043212979413898,Complete Genome,2019,2019-10-24
GCF_009299385.1,GCF_009299385.1,Streptomyces,NCBI,bikiniensis,HQ,99.93,0.86,7516652,1,7516652,0.7289221318214546,Complete Genome,2019,2019-09-26
GCF_009495655.1,GCF_009495655.1,Streptomyces,NCBI,coelicoflavus,HQ,100.0,0.14,8193527,3,8822782,0.7211922497915056,Complete Genome,2019,2019-11-02
GCF_009498275.1,GCF_009498275.1,Streptomyces,NCBI,fagopyri,HQ,100.0,1.07,8880330,1,8880330,0.7123909809657974,Complete Genome,2019,2019-11-04
GCF_009650765.1,GCF_009650765.1,Streptomyces,NCBI,sp003259585,HQ,99.21,0.97,8341671,1,8341671,0.7232963275583513,Complete Genome,2019,2019-11-12
GCF_009739905.1,GCF_009739905.1,Streptomyces,NCBI,ficellus,HQ,99.93,0.0,7078240,1,7078240,0.725963516354348,Complete Genome,2019,2019-12-11
GCF_009789635.1,GCF_009789635.1,Streptomyces,NCBI,lateritius,HQ,99.45,0.62,7524079,2,7615276,0.7131962124550706,Complete Genome,2019,2019-12-22
GCF_009796285.1,GCF_009796285.1,Streptomyces,NCBI,broussonetiae,HQ,99.89,1.57,9735779,1,9735779,0.7088650019685122,Complete Genome,2019,2019-12-24
GCF_009832925.1,GCF_009832925.1,Streptomyces,NCBI,sp009832925,HQ,98.91,0.35,7623788,1,7623788,0.7103968525882409,Complete Genome,2020,2020-01-07
GCF_009834105.1,GCF_009834105.1,Streptomyces,NCBI,albidoflavus,HQ,99.89,0.79,7311137,1,7311137,0.732519989708851,Complete Genome,2020,2020-01-08
GCF_009834125.1,GCF_009834125.1,Streptomyces,NCBI,sp009834125,HQ,99.2,1.48,9067183,1,9067183,0.715881327199418,Complete Genome,2020,2020-01-08
GCF_009834145.1,GCF_009834145.1,Streptomyces,NCBI,incarnatus_A,HQ,99.14,0.06,7814787,2,7906239,0.7215447193033249,Complete Genome,2020,2020-01-08
GCF_009857135.1,GCF_009857135.1,Streptomyces,NCBI,sp009857135,HQ,100.0,0.43,7762826,1,7762826,0.7197548933854758,Complete Genome,2020,2020-01-12
GCF_009867075.1,GCF_009867075.1,Streptomyces,NCBI,cacaoi,HQ,98.67,1.27,8457300,1,8457300,0.733397419980372,Complete Genome,2020,2020-01-14
GCF_009936315.1,GCF_009936315.1,Streptomyces,NCBI,antimycoticus,HQ,97.89,3.42,11000615,1,11000615,0.7089994513943084,Complete Genome,2019,2019-04-18
GCF_010384365.1,GCF_010384365.1,Streptomyces,NCBI,sp010384365,HQ,99.8,0.77,7920066,3,7940295,0.7072029224117856,Complete Genome,2020,2020-02-11
GCF_010523235.1,GCF_010523235.1,Streptomyces,NCBI,albidoflavus,HQ,99.89,0.14,6900059,2,7086150,0.7300143237159812,Complete Genome,2020,2020-02-13
GCF_010669165.1,GCF_010669165.1,Streptomyces,NCBI,lasiicapitis,HQ,99.46,0.57,9617533,2,9738430,0.7149782870544842,Complete Genome,2020,2020-02-17
GCF_011006355.1,GCF_011006355.1,Streptomyces,NCBI,albus,HQ,99.47,1.2,8069210,1,8069210,0.7259319065930866,Complete Genome,2020,2020-02-24
GCF_011193355.1,GCF_011193355.1,Streptomyces,NCBI,sp011193355,HQ,100.0,0.44,7318937,1,7318937,0.7272679563270114,Chromosome,2020,2020-03-12
GCF_011290345.1,GCF_011290345.1,Streptomyces,NCBI,libani,HQ,99.91,0.71,8790195,1,8790195,0.7097307507393157,Chromosome,2020,2020-03-14
GCF_011650445.1,GCF_011650445.1,Streptomyces,NCBI,olivaceus,HQ,100.0,0.0,8341703,1,8341703,0.7243952463903354,Complete Genome,2020,2020-03-23
GCF_011694815.1,GCF_011694815.1,Streptomyces,NCBI,liangshanensis,HQ,99.58,1.79,7716784,1,7716784,0.7209984107369081,Complete Genome,2020,2020-03-24
GCF_011751035.2,GCF_011751035.2,Streptomyces,NCBI,xanthochromogenes,HQ,99.93,1.41,8400223,2,8530179,0.7116106238802258,Complete Genome,2021,2021-02-25
GCF_011820545.1,GCF_011820545.1,Streptomyces,NCBI,eurythermus,HQ,100.0,1.48,9195693,1,9195693,0.7220798910968428,Complete Genome,2020,2020-04-01
GCF_012044595.1,GCF_012044595.1,Streptomyces,NCBI,antibioticus_B,HQ,100.0,0.43,8473575,1,8473575,0.7189264271573687,Complete Genome,2020,2020-04-06
GCF_012273495.1,GCF_012273495.1,Streptomyces,NCBI,platensis,HQ,99.29,0.51,9051652,1,9051652,0.709709197904315,Chromosome,2020,2020-04-12
GCF_012273515.1,GCF_012273515.1,Streptomyces,NCBI,sp012273515,HQ,98.93,0.21,9856149,1,9856149,0.708729342464283,Complete Genome,2020,2020-04-12
GCF_012273535.1,GCF_012273535.1,Streptomyces,NCBI,sp002846625,HQ,99.57,1.48,12127650,1,12127650,0.7000831158550914,Complete Genome,2020,2020-04-12
GCF_012275145.1,GCF_012275145.1,Streptomyces,NCBI,sp002846625,HQ,99.94,2.11,12276515,1,12276515,0.6992742647241501,Complete Genome,2020,2020-04-13
GCF_013009255.1,GCF_013009255.1,Streptomyces,NCBI,spinoverrucosus,HQ,99.57,1.11,9460473,1,9460473,0.7076997101519131,Complete Genome,2020,2020-05-11
GCF_013046785.1,GCF_013046785.1,Streptomyces,NCBI,spinosus,HQ,99.89,0.43,7815457,1,7815457,0.7245340867463028,Complete Genome,2020,2020-05-12
GCF_013085465.1,GCF_013085465.1,Streptomyces,NCBI,cacaoi_A,HQ,100.0,0.43,10044300,1,10044300,0.7103536334040202,Complete Genome,2020,2020-05-14
GCF_013317105.1,GCF_013317105.1,Streptomyces,NCBI,anthocyanicus,HQ,100.0,0.0,8585093,1,8585093,0.719714393309426,Complete Genome,2020,2020-06-10
GCF_013364095.1,GCF_013364095.1,Streptomyces,NCBI,harbinensis,HQ,95.82,1.0,5802668,1,5802668,0.7288924680853703,Complete Genome,2020,2020-06-22
GCF_013364155.1,GCF_013364155.1,Streptomyces,NCBI,sp013364155,HQ,100.0,4.86,9619720,2,9771669,0.7105249881059214,Complete Genome,2020,2020-06-22
GCF_013364175.1,GCF_013364175.1,Streptomyces,NCBI,fungicidicus,HQ,99.89,0.64,7707218,1,7707218,0.7223033006202757,Complete Genome,2020,2020-06-22
GCF_013364195.1,GCF_013364195.1,Streptomyces,NCBI,sp013364195,HQ,99.83,0.27,7894562,1,7894562,0.7081795038154112,Complete Genome,2020,2020-06-22
GCF_013364315.1,GCF_013364315.1,Streptomyces,NCBI,microflavus,HQ,99.84,0.45,7790974,3,8452583,0.7129451435141188,Complete Genome,2020,2020-06-22
GCF_013364335.1,GCF_013364335.1,Streptomyces,NCBI,buecherae,HQ,99.47,1.49,9069632,2,9093530,0.7286822609041813,Complete Genome,2020,2020-06-22
GCF_013364375.1,GCF_013364375.1,Streptomyces,NCBI,sp000772045,HQ,100.0,0.0,8088762,3,8359435,0.7212511371880994,Complete Genome,2020,2020-06-22
GCF_013375055.1,GCF_013375055.1,Streptomyces,NCBI,chartreusis,HQ,99.57,1.79,11234141,1,11234141,0.705687688983074,Complete Genome,2020,2020-06-28
GCF_013376795.1,GCF_013376795.1,Streptomyces,NCBI,albidoflavus,HQ,99.89,0.36,6964413,1,6964413,0.7343747419918951,Complete Genome,2020,2020-06-30
GCF_013394065.1,GCF_013394065.1,Streptomyces,NCBI,roseifaciens,HQ,99.56,2.41,7679243,1,7679243,0.7207981307532526,Complete Genome,2020,2020-07-08
GCF_013401535.1,GCF_013401535.1,Streptomyces,NCBI,californicus,HQ,99.84,1.0,7872196,1,7872196,0.7242728712547299,Complete Genome,2020,2020-07-11
GCF_013414305.1,GCF_013414305.1,Streptomyces,NCBI,himastatinicus,HQ,99.47,2.11,10474412,1,10474412,0.714184051572537,Complete Genome,2020,2020-07-14
GCF_013423905.1,GCF_013423905.1,Streptomyces,NCBI,misionensis,HQ,99.57,3.33,8429941,4,8557534,0.7244546150795311,Complete Genome,2020,2020-07-19
GCF_013693715.1,GCF_013693715.1,Streptomyces,NCBI,albidoflavus,HQ,99.89,1.0,6942952,1,6942952,0.7324882845222033,Complete Genome,2020,2020-07-25
GCF_014070435.1,GCF_014070435.1,Streptomyces,NCBI,pristinaespiralis,HQ,99.73,0.35,8112061,1,8112061,0.714893539385367,Complete Genome,2020,2020-08-05
GCF_014083905.1,GCF_014083905.1,Streptomyces,NCBI,lincolnensis,HQ,99.64,0.14,10008966,1,10008966,0.710319827242894,Complete Genome,2020,2020-08-06
GCF_014216315.1,GCF_014216315.1,Streptomyces,NCBI,finlayi_A,HQ,99.67,0.65,7474454,2,7654963,0.6999312733451487,Complete Genome,2020,2020-08-17
GCF_014216335.1,GCF_014216335.1,Streptomyces,NCBI,diastaticus,HQ,99.89,0.21,6848830,2,6996347,0.7333145425748608,Complete Genome,2020,2020-08-17
GCF_014217585.1,GCF_014217585.1,Streptomyces,NCBI,virginiae,HQ,99.58,0.75,8320846,1,8320846,0.7238888930284252,Complete Genome,2020,2020-08-17
GCF_014295035.1,GCF_014295035.1,Streptomyces,NCBI,buecherae,HQ,99.47,1.49,8416829,1,8416829,0.7314433975075412,Complete Genome,2020,2020-08-25
GCF_014489615.1,GCF_014489615.1,Streptomyces,NCBI,genisteinicus,HQ,99.84,0.42,7631890,3,8188347,0.7343268427681435,Complete Genome,2020,2020-09-06
GCF_014489635.1,GCF_014489635.1,Streptomyces,NCBI,roseirectus,HQ,100.0,0.74,9947447,1,9947447,0.7177186266988906,Complete Genome,2020,2020-09-06
GCF_014495705.1,GCF_014495705.1,Streptomyces,NCBI,anulatus,HQ,99.84,0.35,8309852,1,8309852,0.7160430775421752,Complete Genome,2020,2020-09-09
GCF_014621695.1,GCF_014621695.1,Streptomyces,NCBI,xanthii,HQ,99.89,1.29,7867709,3,8354710,0.721452928946666,Complete Genome,2020,2020-09-15
GCF_014673495.1,GCF_014673495.1,Streptomyces,NCBI,griseofuscus,HQ,99.89,0.25,8721740,4,9116672,0.7163176431048522,Complete Genome,2020,2020-09-21
GCF_014701095.1,GCF_014701095.1,Streptomyces,NCBI,massasporeus,HQ,99.89,0.0,7561001,1,7561001,0.7143732688304102,Complete Genome,2020,2020-09-11
GCF_014701115.1,GCF_014701115.1,Streptomyces,NCBI,aurantiacus,HQ,99.89,0.43,9428393,1,9428393,0.7028789529668523,Complete Genome,2020,2020-09-11
GCF_014852565.2,GCF_014852565.2,Streptomyces,NCBI,caniscabiei,HQ,100.0,1.430615164520744,10262635,1,10262635,0.7116682021722491,Complete Genome,2023,2023-03-16
GCF_015160855.1,GCF_015160855.1,Streptomyces,NCBI,ferrugineus,HQ,100.0,0.45,9959088,1,9959088,0.7085910878586473,Complete Genome,2020,2020-11-01
GCF_015160875.1,GCF_015160875.1,Streptomyces,NCBI,chromofuscus,HQ,99.57,0.21,7483282,1,7483282,0.7161356474338398,Complete Genome,2020,2020-11-01
GCF_015244315.1,GCF_015244315.1,Streptomyces,NCBI,olivaceus,HQ,100.0,0.0,8458055,1,8458055,0.7250697707688115,Complete Genome,2020,2020-11-05
GCF_015601545.1,GCF_015601545.1,Streptomyces,NCBI,albidoflavus,HQ,99.89,0.0,6796629,1,6796629,0.7336645857821575,Complete Genome,2020,2020-11-19
GCF_015708605.1,GCF_015708605.1,Streptomyces,NCBI,clavuligerus,HQ,99.58,1.07,6748580,4,8704802,0.7245876471400499,Complete Genome,2020,2020-12-01
GCF_015710995.1,GCF_015710995.1,Streptomyces,NCBI,gardneri,HQ,99.67,0.63,9054805,1,9054805,0.7174420652901967,Complete Genome,2020,2020-12-02
GCF_015767735.1,GCF_015767735.1,Streptomyces,NCBI,clavuligerus,HQ,99.58,1.02,6872022,2,7588915,0.7260969453472598,Complete Genome,2020,2020-12-06
GCF_015767755.1,GCF_015767755.1,Streptomyces,NCBI,clavuligerus,HQ,99.58,1.55,6872933,5,7665011,0.7262960222757672,Complete Genome,2020,2020-12-06
GCF_015767775.1,GCF_015767775.1,Streptomyces,NCBI,clavuligerus,HQ,99.58,1.02,6868099,2,7588082,0.726150429054404,Complete Genome,2020,2020-12-06
GCF_015767795.1,GCF_015767795.1,Streptomyces,NCBI,clavuligerus,HQ,99.58,1.02,6879575,3,7778346,0.7265638478925982,Complete Genome,2020,2020-12-06
GCF_015767815.1,GCF_015767815.1,Streptomyces,NCBI,clavuligerus,HQ,99.58,1.02,6864099,3,7790985,0.7266404697223778,Complete Genome,2020,2020-12-06
GCF_015767855.1,GCF_015767855.1,Streptomyces,NCBI,clavuligerus,HQ,99.58,1.02,6859658,2,7566514,0.7261900262128637,Complete Genome,2020,2020-12-06
GCF_015767875.1,GCF_015767875.1,Streptomyces,NCBI,clavuligerus,HQ,99.58,1.02,6878125,2,7606101,0.7260961956723951,Complete Genome,2020,2020-12-06
GCF_015767895.1,GCF_015767895.1,Streptomyces,NCBI,clavuligerus,HQ,99.58,1.02,6879229,2,7597161,0.7261421733723953,Complete Genome,2020,2020-12-06
GCF_015767915.1,GCF_015767915.1,Streptomyces,NCBI,clavuligerus,HQ,99.58,1.02,6883304,3,7880370,0.7267388460186515,Complete Genome,2020,2020-12-06
GCF_015767935.1,GCF_015767935.1,Streptomyces,NCBI,clavuligerus,HQ,99.58,1.02,6862413,2,7583174,0.726159521065981,Complete Genome,2020,2020-12-06
GCF_015910445.1,GCF_015910445.1,Streptomyces,NCBI,bathyalis,HQ,99.91,0.8,7377472,1,7377472,0.7023796227217128,Complete Genome,2020,2020-12-10
GCF_016128295.1,GCF_016128295.1,Streptomyces,NCBI,alfalfae,HQ,100.0,0.23,8856609,1,8856609,0.7200603526699666,Complete Genome,2020,2020-12-20
GCF_016467295.1,GCF_016467295.1,Streptomyces,NCBI,murinus,HQ,99.89,1.11,8539264,1,8539264,0.7180586055191642,Complete Genome,2021,2021-01-04
GCF_016598575.1,GCF_016598575.1,Streptomyces,NCBI,sp016598575,HQ,98.61,0.92,5282528,1,5282528,0.7192516537536573,Complete Genome,2021,2021-01-10
GCF_016598615.1,GCF_016598615.1,Streptomyces,NCBI,liliifuscus,HQ,99.89,0.57,11027222,2,11347200,0.7021527777777777,Complete Genome,2021,2021-01-10
GCF_016605905.1,GCF_016605905.1,Streptomyces,NCBI,xiamenensis,HQ,93.02,0.53,5836896,1,5836896,0.7209802950061128,Complete Genome,2021,2021-01-11
GCF_016756395.1,GCF_016756395.1,Streptomyces,NCBI,sp016756395,HQ,99.47,0.53,8833490,3,8972903,0.7357135374293706,Complete Genome,2020,2020-12-28
GCF_016772455.1,GCF_016772455.1,Streptomyces,NCBI,microflavus,HQ,98.63,0.28,7800405,1,7800405,0.715560705250659,Chromosome,2021,2021-01-30
GCF_016803985.1,GCF_016803985.1,Streptomyces,NCBI,albidoflavus,HQ,99.89,0.29,6861301,2,7001532,0.7327532031561093,Complete Genome,2021,2021-02-03
GCF_016804005.1,GCF_016804005.1,Streptomyces,NCBI,pratensis_A,HQ,99.49,0.77,8270263,2,8281466,0.7052925170495176,Complete Genome,2021,2021-02-03
GCF_016906185.1,GCF_016906185.1,Streptomyces,NCBI,californicus,HQ,99.93,0.47,7814960,3,8031696,0.7255686719218456,Complete Genome,2021,2021-02-18
GCF_016906205.1,GCF_016906205.1,Streptomyces,NCBI,californicus,HQ,99.93,0.47,7788344,5,8082614,0.7251830905199729,Complete Genome,2021,2021-02-18
GCF_016906225.1,GCF_016906225.1,Streptomyces,NCBI,californicus,HQ,99.93,0.47,7826524,5,8053224,0.7252443245090413,Complete Genome,2021,2021-02-18
GCF_016906245.1,GCF_016906245.1,Streptomyces,NCBI,californicus,HQ,99.93,0.47,7791604,6,8084048,0.7251180349250771,Complete Genome,2021,2021-02-18
GCF_016906265.1,GCF_016906265.1,Streptomyces,NCBI,californicus,HQ,99.84,0.89,7919564,3,8221537,0.7246837178984903,Complete Genome,2021,2021-02-18
GCF_016917755.1,GCF_016917755.1,Streptomyces,NCBI,yunnanensis,HQ,99.79,2.2,9857535,1,9857535,0.7172602481249115,Complete Genome,2021,2021-02-22
GCF_016919685.1,GCF_016919685.1,Streptomyces,NCBI,tsukubensis,HQ,99.23,1.35,7935069,1,7935069,0.7186806123972832,Complete Genome,2021,2021-02-23
GCF_017311125.1,GCF_017311125.1,Streptomyces,NCBI,californicus,HQ,99.93,0.89,7767664,2,7958870,0.7257105594135851,Complete Genome,2021,2021-03-09
GCF_017352335.1,GCF_017352335.1,Streptomyces,NCBI,nodosus,HQ,99.89,1.93,7621081,1,7621081,0.7091886308517125,Complete Genome,2021,2021-03-14
GCF_017356985.1,GCF_017356985.1,Streptomyces,NCBI,triculaminicus_A,HQ,98.53,0.88,7340446,1,7340446,0.7207427279313536,Chromosome,2021,2021-03-16
GCF_017358145.1,GCF_017358145.1,Streptomyces,NCBI,microflavus,HQ,99.61,0.39,7726360,2,8193177,0.7138694794461293,Complete Genome,2021,2021-03-16
GCF_017526105.1,GCF_017526105.1,Streptomyces,NCBI,cyanogenus,HQ,100.0,0.0,8773899,1,8773899,0.7183741230666093,Complete Genome,2021,2021-03-22
GCF_017639205.1,GCF_017639205.1,Streptomyces,NCBI,nojiriensis,HQ,99.58,1.44,9022916,1,9022916,0.7197513531102362,Complete Genome,2021,2021-03-30
GCF_017751265.1,GCF_017751265.1,Streptomyces,NCBI,rimosus,HQ,100.0,2.5652431791221826,9027032,2,9319639,0.7188395113393101,Complete Genome,2021,2021-04-05
GCF_017916255.1,GCF_017916255.1,Streptomyces,NCBI,mobaraensis,HQ,98.84,1.75,7574085,1,7574085,0.731739609470979,Complete Genome,2021,2021-04-13
GCF_017933115.1,GCF_017933115.1,Streptomyces,NCBI,scabiei,HQ,98.93,0.0,9782455,1,9782455,0.7155562688507129,Complete Genome,2021,2021-04-13
GCF_017933235.1,GCF_017933235.1,Streptomyces,NCBI,scabiei,HQ,99.57,0.0,9982980,1,9982980,0.7151345590194511,Complete Genome,2021,2021-04-13
GCF_017933255.1,GCF_017933255.1,Streptomyces,NCBI,scabiei,HQ,99.79,0.0,9741971,1,9741971,0.7157849268900514,Complete Genome,2021,2021-04-13
GCF_018069625.1,GCF_018069625.1,Streptomyces,NCBI,yatensis,HQ,100.0,1.84,10360357,1,10360357,0.7141082107498805,Complete Genome,2021,2021-04-18
GCF_018128905.1,GCF_018128905.1,Streptomyces,NCBI,sp003814525,HQ,100.0,0.86,9765518,2,9796466,0.7088445976334732,Complete Genome,2021,2021-04-22
GCF_018141485.1,GCF_018141485.1,Streptomyces,NCBI,alfalfae,HQ,100.0,0.44,8254035,2,8278595,0.72061285761654,Complete Genome,2021,2021-04-27
GCF_018255875.1,GCF_018255875.1,Streptomyces,NCBI,lavendulae_C,HQ,99.58,1.13,8035918,1,8035918,0.7288792643230058,Complete Genome,2021,2021-05-04
GCF_018310535.1,GCF_018310535.1,Streptomyces,NCBI,sp002846625,HQ,100.0,1.02,9103359,2,9621341,0.7023843142031865,Complete Genome,2021,2021-05-09
GCF_018310575.1,GCF_018310575.1,Streptomyces,NCBI,sp000772045,HQ,100.0,0.46,8151966,1,8151966,0.7216705761530409,Complete Genome,2021,2021-05-09
GCF_018604545.1,GCF_018604545.1,Streptomyces,NCBI,sp018604545,HQ,100.0,0.64,8599513,1,8599513,0.7122285878281712,Complete Genome,2021,2021-06-01
GCF_018866325.1,GCF_018866325.1,Streptomyces,NCBI,sp001895105,HQ,99.84,0.62,7695589,1,7695589,0.7201608609815311,Complete Genome,2021,2021-06-14
GCF_019056675.1,GCF_019056675.1,Streptomyces,NCBI,odonnellii,HQ,98.93,1.4,8512626,1,8512626,0.7041791804315143,Complete Genome,2021,2021-06-29
GCF_019286195.1,GCF_019286195.1,Streptomyces,NCBI,albidoflavus,HQ,99.89,0.57,7054925,1,7054925,0.7340440536002716,Chromosome,2021,2021-07-20
GCF_019286295.1,GCF_019286295.1,Streptomyces,NCBI,albidoflavus,HQ,99.46,1.0,7073859,1,7073859,0.7337114763128331,Chromosome,2021,2021-07-20
GCF_019287315.1,GCF_019287315.1,Streptomyces,NCBI,fimicarius,HQ,99.47,0.18,8286721,1,8286721,0.717404869791079,Complete Genome,2021,2021-07-20
GCF_019378935.1,GCF_019378935.1,Streptomyces,NCBI,anulatus,HQ,99.84,0.53,8874447,1,8874447,0.7148835302075723,Complete Genome,2021,2021-07-28
GCF_019599145.1,GCF_019599145.1,Streptomyces,NCBI,galbus_A,HQ,99.79,0.2,10257202,2,10549378,0.7087212156015265,Complete Genome,2021,2021-08-15
GCF_019703895.1,GCF_019703895.1,Streptomyces,NCBI,tricolor,HQ,99.83,1.03,9320785,1,9320785,0.7270449860178085,Complete Genome,2021,2021-05-11
GCF_019774615.1,GCF_019774615.1,Streptomyces,NCBI,sp019774615,HQ,99.56,2.45,6317233,2,9126195,0.7180585117894149,Complete Genome,2021,2021-08-26
GCF_019880305.1,GCF_019880305.1,Streptomyces,NCBI,decoyicus,HQ,100.0,0.71,8632952,1,8632952,0.7092287782904387,Complete Genome,2021,2021-09-05
GCF_019933235.1,GCF_019933235.1,Streptomyces,NCBI,angustmyceticus,HQ,100.0,0.98,8116382,1,8116382,0.7222790893775084,Complete Genome,2021,2021-09-13
GCF_020026305.1,GCF_020026305.1,Streptomyces,NCBI,sp020026305,HQ,99.14,0.72,8832922,1,8832922,0.7146705246576388,Complete Genome,2021,2021-09-17
GCF_020034615.1,GCF_020034615.1,Streptomyces,NCBI,rochei,HQ,100.0,0.06,8085430,2,8262829,0.7253942929231623,Complete Genome,2021,2021-09-18
GCF_020099395.1,GCF_020099395.1,Streptomyces,NCBI,sp014253015,HQ,98.84,1.51,7638929,2,7668063,0.7305565955835261,Complete Genome,2021,2021-09-23
GCF_020341595.1,GCF_020341595.1,Streptomyces,NCBI,parvus,HQ,99.84,0.97,8214879,1,8214879,0.7161022091743531,Complete Genome,2021,2021-10-07
GCF_020410765.1,GCF_020410765.1,Streptomyces,NCBI,marincola,HQ,96.46,1.59,6629020,1,6629020,0.7358253557841129,Complete Genome,2021,2021-10-11
GCF_020535385.1,GCF_020535385.1,Streptomyces,NCBI,albidoflavus,HQ,99.89,0.0,6850369,2,7294712,0.7334746046177012,Complete Genome,2021,2021-10-20
GCF_020616555.1,GCF_020616555.1,Streptomyces,NCBI,sp003403055,HQ,100.0,0.91,9816795,2,10018810,0.7041046790986155,Complete Genome,2021,2021-10-26
GCF_020740535.1,GCF_020740535.1,Streptomyces,NCBI,sp020740535,HQ,93.65,0.95,7653710,1,7653710,0.7214331350416987,Complete Genome,2021,2021-11-04
GCF_020783455.1,GCF_020783455.1,Streptomyces,NCBI,anulatus,HQ,99.84,0.09,8372992,2,8690773,0.7162563099968208,Complete Genome,2021,2021-11-07
GCF_020783515.1,GCF_020783515.1,Streptomyces,NCBI,fungicidicus,HQ,98.71,0.64,6740826,1,6740826,0.7213789526684119,Complete Genome,2021,2021-11-07
GCF_020783535.1,GCF_020783535.1,Streptomyces,NCBI,fungicidicus,HQ,98.71,0.64,6740828,1,6740828,0.7213763650400218,Complete Genome,2021,2021-11-07
GCF_020783555.1,GCF_020783555.1,Streptomyces,NCBI,fungicidicus,HQ,98.71,0.64,6741257,1,6741257,0.721379558738081,Complete Genome,2021,2021-11-07
GCF_020783575.1,GCF_020783575.1,Streptomyces,NCBI,fungicidicus,HQ,98.71,0.64,6740828,1,6740828,0.7213763650400218,Complete Genome,2021,2021-11-07
GCF_020783595.1,GCF_020783595.1,Streptomyces,NCBI,fungicidicus,HQ,98.71,0.64,6740841,1,6740841,0.7213731936415649,Complete Genome,2021,2021-11-07
GCF_020783615.1,GCF_020783615.1,Streptomyces,NCBI,fungicidicus,HQ,98.71,0.64,6740829,1,6740829,0.7213783349199334,Complete Genome,2021,2021-11-07
GCF_020783635.1,GCF_020783635.1,Streptomyces,NCBI,fungicidicus,HQ,98.71,0.64,6741246,1,6741246,0.7213808841866919,Complete Genome,2021,2021-11-07
GCF_020790115.1,GCF_020790115.1,Streptomyces,NCBI,lydicus,HQ,99.91,1.78,7832127,1,7832127,0.7204076236251021,Complete Genome,2021,2021-11-08
GCF_020881855.1,GCF_020881855.1,Streptomyces,NCBI,albidoflavus,HQ,99.89,0.14,6750555,1,6750555,0.7314010768464384,Chromosome,2021,2021-11-16
GCF_021028635.1,GCF_021028635.1,Streptomyces,NCBI,huasconensis,HQ,100.0,0.29,8236582,1,8236582,0.7157274704483,Complete Genome,2021,2021-12-02
GCF_021029465.1,GCF_021029465.1,Streptomyces,NCBI,cinerochromogenes,HQ,100.0,0.88,9635564,1,9635564,0.7233624310938104,Complete Genome,2021,2021-12-03
GCF_021216675.1,GCF_021216675.1,Streptomyces,NCBI,gobiensis,HQ,98.58,2.1,5691859,1,5691859,0.6896899589396013,Complete Genome,2021,2021-12-16
GCF_021383925.1,GCF_021383925.1,Streptomyces,NCBI,sp000772045,HQ,100.0,0.14,8024389,1,8024389,0.722534963431461,Complete Genome,2022,2022-01-07
GCF_021441825.1,GCF_021441825.1,Streptomyces,NCBI,plumbidurans,HQ,100.0,0.57,8624193,1,8624193,0.7074946026834047,Complete Genome,2022,2022-01-12
GCF_021491675.1,GCF_021491675.1,Streptomyces,NCBI,globisporus,HQ,99.84,0.35,7850121,1,7850121,0.7153124136557895,Complete Genome,2022,2022-01-17
GCF_021496465.1,GCF_021496465.1,Streptomyces,NCBI,collinus_A,HQ,99.89,0.93,7502433,1,7502433,0.728402906097262,Complete Genome,2022,2022-01-18
GCF_021496485.1,GCF_021496485.1,Streptomyces,NCBI,collinus_A,HQ,99.89,0.93,6891949,1,6891949,0.7275812691010918,Complete Genome,2022,2022-01-18
GCF_021496785.1,GCF_021496785.1,Streptomyces,NCBI,yunnanensis,HQ,99.79,2.38,9459690,1,9459690,0.7179653878721184,Complete Genome,2022,2022-01-18
GCF_021665875.1,GCF_021665875.1,Streptomyces,NCBI,caniscabiei,HQ,100.0,0.48,10556261,3,10694683,0.7127965363723263,Complete Genome,2022,2022-01-28
GCF_022026295.1,GCF_022026295.1,Streptomyces,NCBI,albidoflavus,HQ,99.89,1.14,7077963,2,7162904,0.7329267570806477,Complete Genome,2022,2022-02-07
GCF_022220465.1,GCF_022220465.1,Streptomyces,NCBI,sp014253015,HQ,98.84,1.15,7506783,1,7506783,0.7306204268859243,Complete Genome,2022,2022-02-14
GCF_022221585.1,GCF_022221585.1,Streptomyces,NCBI,inhibens,HQ,100.0,2.17,9696490,1,9696490,0.7030810117888019,Complete Genome,2022,2022-02-14
GCF_022385335.1,GCF_022385335.1,Streptomyces,NCBI,deccanensis,HQ,100.0,1.77,10101518,1,10101518,0.7112669600747136,Complete Genome,2022,2022-02-24
GCF_022647665.1,GCF_022647665.1,Streptomyces,NCBI,formicae,HQ,99.23,1.35,8177291,2,8205064,0.7082610202674836,Complete Genome,2022,2022-03-21
GCF_022695595.1,GCF_022695595.1,Streptomyces,NCBI,sp022695595,HQ,98.7,1.25,7915503,1,7915503,0.7145851628127738,Complete Genome,2022,2022-03-22
GCF_022695635.1,GCF_022695635.1,Streptomyces,NCBI,albidoflavus,HQ,99.89,0.57,6984675,1,6984675,0.7343124769584841,Complete Genome,2022,2022-03-25
GCF_022699385.1,GCF_022699385.1,Streptomyces,NCBI,diacarni,HQ,99.64,1.54,7760770,1,7760770,0.7228134579429618,Complete Genome,2022,2022-03-27
GCF_022759525.1,GCF_022759525.1,Streptomyces,NCBI,sp014253015,HQ,98.84,1.51,7633041,2,7656898,0.7306383080981358,Complete Genome,2022,2022-03-30
GCF_022760195.1,GCF_022760195.1,Streptomyces,NCBI,rimosus,HQ,100.0,2.57,9368017,2,9660595,0.7188454748387652,Complete Genome,2022,2022-03-31
GCF_022760275.1,GCF_022760275.1,Streptomyces,NCBI,spirodelae,HQ,99.2,1.6,7804062,2,7839538,0.7109589876342203,Complete Genome,2022,2022-03-31
GCF_022807935.1,GCF_022807935.1,Streptomyces,NCBI,afghaniensis,HQ,100.0,0.43,9607552,1,9607552,0.7101535333870689,Complete Genome,2022,2022-04-02
GCF_022827705.1,GCF_022827705.1,Streptomyces,NCBI,olivaceus,HQ,100.0,0.0,8368456,1,8368456,0.7251342422066867,Complete Genome,2022,2022-04-06
GCF_022846655.1,GCF_022846655.1,Streptomyces,NCBI,sp019090105,HQ,100.0,1.07,6542274,1,6542274,0.7183803368675784,Complete Genome,2022,2022-03-18
GCF_022846675.1,GCF_022846675.1,Streptomyces,NCBI,decoyicus,HQ,100.0,1.01,8461249,1,8461249,0.7094250506042311,Complete Genome,2022,2022-03-18
GCF_022869105.1,GCF_022869105.1,Streptomyces,NCBI,griseoincarnatus,HQ,100.0,0.0,7436964,1,7436964,0.7230506964938919,Complete Genome,2022,2022-04-10
GCF_023168305.1,GCF_023168305.1,Streptomyces,NCBI,albidoflavus,HQ,99.89,1.0,6850711,1,6850711,0.7331576240772673,Complete Genome,2022,2022-04-02
GCF_023168385.1,GCF_023168385.1,Streptomyces,NCBI,albidoflavus,HQ,99.89,0.43,7000089,1,7000089,0.7345215182264111,Complete Genome,2022,2022-04-02
GCF_023210535.1,GCF_023210535.1,Streptomyces,NCBI,anulatus,HQ,99.58,0.35,8548838,1,8548838,0.7153648940535775,Chromosome,2022,2022-05-02
GCF_023273835.1,GCF_023273835.1,Streptomyces,NCBI,tauricus,HQ,99.89,0.43,9966248,2,9990036,0.7084357854165891,Complete Genome,2022,2022-05-08
GCF_023277745.1,GCF_023277745.1,Streptomyces,NCBI,sp023277745,HQ,98.49,3.39,9239126,1,9239126,0.6993715639336449,Complete Genome,2022,2022-05-09
GCF_023277965.1,GCF_023277965.1,Streptomyces,NCBI,bacillaris,HQ,99.84,0.8,7351753,1,7351753,0.7194180762057703,Complete Genome,2022,2022-05-09
GCF_023330645.1,GCF_023330645.1,Streptomyces,NCBI,albireticuli_B,HQ,99.56,2.06,8170612,4,8502131,0.7270334813988177,Chromosome,2022,2022-05-11
GCF_023376055.1,GCF_023376055.1,Streptomyces,NCBI,fradiae,HQ,99.49,1.27,6125725,1,6125725,0.7475405768296813,Complete Genome,2022,2022-05-16
GCF_023498005.1,GCF_023498005.1,Streptomyces,NCBI,durmitorensis,HQ,100.0,0.0,9715409,2,9862620,0.7043902127426587,Complete Genome,2022,2022-05-18
GCF_023515955.1,GCF_023515955.1,Streptomyces,NCBI,sp023515955,HQ,99.23,1.09,7301482,2,7543621,0.7218251022950384,Complete Genome,2022,2022-05-21
GCF_023614235.1,GCF_023614235.1,Streptomyces,NCBI,sp023614235,HQ,95.32,0.7,5331980,1,5331980,0.741113995176276,Complete Genome,2022,2022-05-31
GCF_023614315.1,GCF_023614315.1,Streptomyces,NCBI,sudanensis,HQ,96.88612099644128,0.8896797153024911,5259510,1,5259510,0.7393465259624289,Chromosome,2022,2022-05-31
GCF_023702105.1,GCF_023702105.1,Streptomyces,NCBI,platensis,HQ,96.85,1.3,8223489,1,8223489,0.711713239964205,Complete Genome,2022,2022-06-11
GCF_023702655.1,GCF_023702655.1,Streptomyces,NCBI,musisoli,HQ,99.89,2.49,8714294,2,9048985,0.7210732474415639,Complete Genome,2022,2022-06-12
GCF_023716005.1,GCF_023716005.1,Streptomyces,NCBI,parvus,HQ,99.84,0.53,7749151,1,7749151,0.7147350722679169,Complete Genome,2022,2022-06-14
GCF_023923245.1,GCF_023923245.1,Streptomyces,NCBI,phaeoluteigriseus,HQ,100.0,0.0,9026270,3,9118447,0.7152456991853986,Complete Genome,2022,2022-06-27
GCF_024218735.1,GCF_024218735.1,Streptomyces,NCBI,rimosus,HQ,98.93,3.45,9108208,2,9619655,0.7193367121793869,Complete Genome,2022,2022-07-12
GCF_024297125.1,GCF_024297125.1,Streptomyces,NCBI,bacillaris,HQ,99.14,0.45,7651223,1,7651223,0.7213590559313198,Complete Genome,2022,2022-07-17
GCF_024298965.1,GCF_024298965.1,Streptomyces,NCBI,rapamycinicus,HQ,100.0,3.95,12466108,1,12466108,0.7106043040859265,Complete Genome,2022,2022-07-18
GCF_024349765.1,GCF_024349765.1,Streptomyces,NCBI,nigrescens,HQ,100.0,2.728351126927639,8253039,2,9326742,0.7165539692209777,Complete Genome,2022,2022-06-21
GCF_024365045.1,GCF_024365045.1,Streptomyces,NCBI,bacillaris,HQ,99.84,1.07,7846900,2,8041562,0.7196013660032715,Complete Genome,2022,2022-07-21
GCF_024442315.1,GCF_024442315.1,Streptomyces,NCBI,sp018604545,HQ,100.0,0.64,8599387,2,8633395,0.7121562259111277,Complete Genome,2022,2022-07-26
GCF_024442335.1,GCF_024442335.1,Streptomyces,NCBI,sp018604545,HQ,100.0,0.64,8577985,2,8611494,0.7122334405621138,Complete Genome,2022,2022-07-26
GCF_024499195.1,GCF_024499195.1,Streptomyces,NCBI,albidoflavus,HQ,99.89,0.14,7137224,1,7137224,0.7302566095725733,Complete Genome,2022,2022-08-01
GCF_024584805.1,GCF_024584805.1,Streptomyces,NCBI,sp024584805,HQ,99.89270386266094,0.2145922746781116,7965264,1,7965264,0.7123153640790352,Chromosome,2022,2022-08-08
GCF_024600715.1,GCF_024600715.1,Streptomyces,NCBI,kanasensis,HQ,98.96,0.14,6817869,2,6900504,0.7394104836400356,Complete Genome,2022,2022-08-09
GCF_024611995.1,GCF_024611995.1,Streptomyces,NCBI,sp018614155,HQ,99.58,0.4,8635149,2,9023989,0.7123898311489519,Complete Genome,2022,2022-08-10
GCF_024612015.1,GCF_024612015.1,Streptomyces,NCBI,sp024612015,HQ,100.0,2.93,10859970,1,10859970,0.704480859523553,Complete Genome,2022,2022-08-10
GCF_024612035.1,GCF_024612035.1,Streptomyces,NCBI,sp024612035,HQ,100.0,2.13,11540835,1,11540835,0.703216361727726,Complete Genome,2022,2022-08-10
GCF_024666385.1,GCF_024666385.1,Streptomyces,NCBI,yangpuensis,HQ,99.58,1.17,7435303,4,8092115,0.722325869071312,Complete Genome,2022,2022-08-15
GCF_024701375.2,GCF_024701375.2,Streptomyces,NCBI,sp024701375,HQ,100.0,0.0858369098712446,7317619,3,7433909,0.7093050237768582,Complete Genome,2022,2022-12-22
GCF_024752535.1,GCF_024752535.1,Streptomyces,NCBI,albus,HQ,99.56,1.25,7889116,2,8033415,0.7262062273640787,Complete Genome,2022,2022-08-28
GCF_024927965.1,GCF_024927965.1,Streptomyces,NCBI,bryophytorum,HQ,99.47,1.06,8265668,1,8265668,0.7247017421943392,Complete Genome,2022,2022-09-05
GCF_025163575.1,GCF_025163575.1,Streptomyces,NCBI,albulus_C,HQ,99.55516014234875,1.9488222335197425,9223378,2,9296088,0.7220386683086477,Complete Genome,2022,2022-09-13
GCF_025231465.1,GCF_025231465.1,Streptomyces,NCBI,murinus,HQ,99.89270386266094,0.6795422031473533,8349858,1,8349858,0.7178613097372434,Complete Genome,2022,2022-09-16
GCF_025252265.1,GCF_025252265.1,Streptomyces,NCBI,angustmyceticus,HQ,100.0,1.7645314353499406,7443041,4,8107672,0.7229395811769396,Complete Genome,2022,2022-09-19
GCF_025398775.1,GCF_025398775.1,Streptomyces,NCBI,rochei,HQ,90.66523605150216,0.0,7687527,1,7687527,0.7242291490070802,Chromosome,2022,2022-09-25
GCF_025402955.1,GCF_025402955.1,Streptomyces,NCBI,sp900091315,HQ,99.46351931330472,1.0014306151645207,8604396,1,8604396,0.7130454014436342,Complete Genome,2022,2022-09-26
GCF_025427835.1,GCF_025427835.1,Streptomyces,NCBI,althioticus,HQ,99.78540772532187,0.0,7417890,1,7417890,0.7252660840117717,Chromosome,2022,2022-09-27
GCF_025642135.1,GCF_025642135.1,Streptomyces,NCBI,sp014905555,HQ,99.57081545064378,1.6452074391988554,9054161,2,9362607,0.7057547112679193,Complete Genome,2022,2022-10-11
GCF_025642155.1,GCF_025642155.1,Streptomyces,NCBI,sp.,HQ,100.0,0.0,9258818,3,9604367,0.7053150926031877,Complete Genome,2022,2022-10-11
GCF_025642175.1,GCF_025642175.1,Streptomyces,NCBI,sp900105245,HQ,99.46351931330472,0.7153075822603719,8381966,3,8572100,0.7219947270797121,Complete Genome,2022,2022-10-11
GCF_025643355.1,GCF_025643355.1,Streptomyces,NCBI,physcomitrii,HQ,99.89270386266094,0.4291845493562232,7919716,1,7919716,0.7285612261853834,Complete Genome,2022,2022-10-11
GCF_025665295.1,GCF_025665295.1,Streptomyces,NCBI,libani,HQ,99.91103202846976,0.7117437722419929,8866687,1,8866687,0.7089536373619595,Complete Genome,2022,2022-10-12
GCF_025854275.1,GCF_025854275.1,Streptomyces,NCBI,sp.,HQ,99.644128113879,0.7117437722419929,8050611,1,8050611,0.7109594538849288,Complete Genome,2022,2022-10-26
GCF_025908395.1,GCF_025908395.1,Streptomyces,NCBI,milbemycinicus,HQ,100.0,1.9649122807017545,12063392,1,12063392,0.7071609709773171,Complete Genome,2022,2022-10-30
GCF_025957665.1,GCF_025957665.1,Streptomyces,NCBI,albidoflavus,HQ,99.89270386266094,0.0,6795081,1,6795081,0.7331054626133228,Complete Genome,2022,2022-11-02
GCF_026153095.1,GCF_026153095.1,Streptomyces,NCBI,sp.,HQ,99.19928825622776,1.1862396204033214,8684380,2,8804882,0.7137184089282392,Chromosome,2022,2022-11-12
GCF_026153355.1,GCF_026153355.1,Streptomyces,NCBI,nigrescens,HQ,95.45274812178728,1.6607354685646498,6901780,1,6901780,0.7220334464442506,Complete Genome,2022,2022-11-13
GCF_026167665.1,GCF_026167665.1,Streptomyces,NCBI,sp001905735,HQ,98.52795484468082,1.4234875444839858,7386614,1,7386614,0.7196344630977062,Complete Genome,2022,2022-11-14
GCF_026210455.1,GCF_026210455.1,Streptomyces,NCBI,albidoflavus,HQ,99.89270386266094,0.1430615164520743,7122237,2,7321122,0.7292413649164704,Complete Genome,2022,2022-11-16
GCF_026239515.1,GCF_026239515.1,Streptomyces,NCBI,libani,HQ,99.91103202846976,0.7117437722419929,8915460,1,8915460,0.7087884416507954,Complete Genome,2022,2022-11-19
GCF_026239535.1,GCF_026239535.1,Streptomyces,NCBI,libani,HQ,99.91103202846976,0.7117437722419929,8926672,1,8926672,0.7086737364159902,Complete Genome,2022,2022-11-19
GCF_026427415.1,GCF_026427415.1,Streptomyces,NCBI,tanashiensis,HQ,99.89270386266094,0.5722460658082975,8694918,1,8694918,0.7222167017561293,Complete Genome,2022,2022-11-28
GCF_026626005.1,GCF_026626005.1,Streptomyces,NCBI,albidoflavus,HQ,99.89270386266094,0.8583690987124464,6913849,2,7099980,0.733198262530317,Complete Genome,2022,2022-12-04
GCF_026635925.1,GCF_026635925.1,Streptomyces,NCBI,albidoflavus,HQ,99.89270386266094,0.0,6341040,1,6341040,0.7323528947932831,Complete Genome,2022,2022-12-05
GCF_026636035.1,GCF_026636035.1,Streptomyces,NCBI,albidoflavus,HQ,99.89270386266094,0.0,6438308,1,6438308,0.7315339682413454,Complete Genome,2022,2022-12-05
GCF_026642235.1,GCF_026642235.1,Streptomyces,NCBI,bacillaris,HQ,99.8836572679989,0.9913573970513472,7685966,2,7739059,0.7207266413138859,Complete Genome,2022,2022-12-05
GCF_026651955.1,GCF_026651955.1,Streptomyces,NCBI,griseoincarnatus,HQ,100.0,0.4291845493562232,7252958,1,7252958,0.7240767146314648,Complete Genome,2022,2022-12-05
GCF_026810505.1,GCF_026810505.1,Streptomyces,NCBI,sp.,HQ,99.89270386266094,1.015736766809728,8820026,1,8820026,0.7100659159353571,Complete Genome,2022,2022-12-12
GCF_026898115.1,GCF_026898115.1,Streptomyces,NCBI,sp.,HQ,100.0,2.280701754385965,9638869,2,9662200,0.7159022789840823,Complete Genome,2022,2022-12-14
GCF_027107535.1,GCF_027107535.1,Streptomyces,NCBI,sp019090165,HQ,99.89270386266094,0.1430615164520743,9539225,2,9899183,0.7053979101103596,Complete Genome,2022,2022-12-20
GCF_027270315.1,GCF_027270315.1,Streptomyces,NCBI,cinnabarinus,HQ,99.89270386266094,0.7868383404864091,9621721,1,9621721,0.7094327511679044,Complete Genome,2022,2022-12-24
GCF_027497195.1,GCF_027497195.1,Streptomyces,NCBI,sp.,HQ,100.0,1.8421052631578947,8614441,1,8614441,0.732376858543213,Chromosome,2022,2022-12-29
GCF_027497475.1,GCF_027497475.1,Streptomyces,NCBI,libani,HQ,99.91103202846976,1.2370784612777497,9201100,1,9201100,0.709877514644988,Complete Genome,2022,2022-12-29
GCF_027497495.1,GCF_027497495.1,Streptomyces,NCBI,tubercidicus,HQ,100.0,1.2455516014234875,8284047,1,8284047,0.7070819371256585,Complete Genome,2022,2022-12-29
GCF_027625935.1,GCF_027625935.1,Streptomyces,NCBI,sp020181035,HQ,100.0,0.757033857892227,9319598,3,9598041,0.711277436718597,Complete Genome,2023,2023-01-10
GCF_027626975.1,GCF_027626975.1,Streptomyces,NCBI,libani,HQ,99.91103202846976,2.423318081681071,9513687,2,9534571,0.7084687921459707,Complete Genome,2023,2023-01-10
GCF_027942015.1,GCF_027942015.1,Streptomyces,NCBI,goshikiensis,HQ,99.644128113879,1.7052194543297745,7239828,5,8161592,0.7234760081121429,Complete Genome,2023,2023-01-23
GCF_027947595.1,GCF_027947595.1,Streptomyces,NCBI,sp.,HQ,100.0,0.4291845493562232,7863969,1,7863969,0.7225852492551789,Complete Genome,2023,2023-01-25
GCF_028198125.1,GCF_028198125.1,Streptomyces,NCBI,chartreusis,HQ,100.0,0.2861230329041487,9740281,2,9946594,0.7095326299635835,Complete Genome,2023,2023-01-28
GCF_028421465.1,GCF_028421465.1,Streptomyces,NCBI,xanthophaeus,HQ,99.644128113879,1.9488222335197425,8204848,3,8595635,0.7216625647785184,Complete Genome,2023,2023-02-02
GCF_028464045.1,GCF_028464045.1,Streptomyces,NCBI,huasconensis,HQ,100.0,0.2861230329041487,8221751,1,8221751,0.7158089560240878,Complete Genome,2023,2023-02-05
GCF_028473745.1,GCF_028473745.1,Streptomyces,NCBI,sp001905385,HQ,100.0,0.2145922746781116,7680776,2,7790858,0.7199051760409444,Complete Genome,2023,2023-02-06
GCF_028622875.1,GCF_028622875.1,Streptomyces,NCBI,sp002551245,HQ,99.91103202846976,1.047844998022934,8003288,5,8496900,0.7161529498993751,Complete Genome,2023,2023-02-15
GCF_028747205.1,GCF_028747205.1,Streptomyces,NCBI,sp018619185,HQ,99.91103202846976,0.3558718861209964,8211675,1,8211675,0.7155253952451844,Complete Genome,2023,2023-02-21
GCF_028752555.1,GCF_028752555.1,Streptomyces,NCBI,clavuligerus,HQ,99.644128113879,0.6354855109303508,6748853,5,9161304,0.7237675990230211,Complete Genome,2023,2023-02-21
GCF_028753175.1,GCF_028753175.1,Streptomyces,NCBI,murinus,HQ,99.89270386266094,0.4649499284692417,8303622,2,8559200,0.7163552472484687,Chromosome,2023,2023-02-21
GCF_028870195.1,GCF_028870195.1,Streptomyces,NCBI,libani,HQ,99.91103202846976,2.728351126927639,9364413,1,9364413,0.7089109589677431,Complete Genome,2023,2023-02-27
GCF_028885415.1,GCF_028885415.1,Streptomyces,NCBI,sp.,HQ,99.57081545064378,0.6437768240343348,9411092,1,9411092,0.7097476042100109,Complete Genome,2023,2023-02-28
GCF_028898845.1,GCF_028898845.1,Streptomyces,NCBI,sp.,HQ,99.25860023724792,3.0672767327571595,9169400,2,9547725,0.7143916482722323,Complete Genome,2023,2023-03-02
GCF_029011865.1,GCF_029011865.1,Streptomyces,NCBI,yunnanensis,HQ,99.79240806642942,2.2284358583290964,9982274,1,9982274,0.7167064338245975,Complete Genome,2023,2023-03-06
GCF_029167005.1,GCF_029167005.1,Streptomyces,NCBI,scabiei,HQ,100.0,0.5007153075822603,9974491,1,9974491,0.7156298000569653,Complete Genome,2023,2023-03-11
GCF_029167025.1,GCF_029167025.1,Streptomyces,NCBI,albulus_C,HQ,99.79240806642942,2.889340789696661,9627936,1,9627936,0.7225001287918823,Complete Genome,2023,2023-03-11
GCF_029167585.1,GCF_029167585.1,Streptomyces,NCBI,sp000213055,HQ,99.89270386266094,0.0,7337058,1,7337058,0.7329677644636311,Complete Genome,2023,2023-03-12
GCF_029167625.1,GCF_029167625.1,Streptomyces,NCBI,sp.,HQ,98.84341637010677,1.7467378410438907,7168657,2,7465012,0.7087566637535211,Complete Genome,2023,2023-03-12
GCF_029167645.1,GCF_029167645.1,Streptomyces,NCBI,sp.,HQ,99.55516014234875,0.0,7134031,2,7215805,0.7210169897883881,Complete Genome,2023,2023-03-12
GCF_029392895.1,GCF_029392895.1,Streptomyces,NCBI,buecherae,HQ,100.0,1.7543859649122806,8379354,1,8379354,0.7304132275590696,Complete Genome,2023,2023-03-27
GCF_029541745.1,GCF_029541745.1,Streptomyces,NCBI,sp007595705,HQ,100.0,2.280701754385965,8228343,1,8228343,0.7257791423837269,Complete Genome,2023,2023-04-03
GCF_029542005.1,GCF_029542005.1,Streptomyces,NCBI,olivaceus,HQ,99.57081545064378,0.0,8683276,1,8683276,0.7229481395594699,Chromosome,2023,2023-04-03
GCF_029760955.1,GCF_029760955.1,Streptomyces,NCBI,sp.,HQ,99.85693848354794,0.6974248927038627,7464554,2,7614103,0.712746728012479,Complete Genome,2023,2023-04-15
GCF_029866785.1,GCF_029866785.1,Streptomyces,NCBI,olivaceus,HQ,100.0,0.0,8759250,1,8759250,0.7230502611524959,Complete Genome,2023,2023-04-25
GCF_029906565.1,GCF_029906565.1,Streptomyces,NCBI,sindenensis,HQ,99.91103202846976,0.5611825896523405,7779627,1,7779627,0.7171040462479756,Complete Genome,2023,2023-04-30
GCF_030028615.1,GCF_030028615.1,Streptomyces,NCBI,parvulus,HQ,100.0,1.144492131616595,7856756,1,7856756,0.7265264442474731,Complete Genome,2023,2023-05-17
GCF_030028635.1,GCF_030028635.1,Streptomyces,NCBI,melanogenes,HQ,98.63582443653615,2.3640061006609048,7333529,1,7333529,0.7145038902825638,Complete Genome,2023,2023-05-17
GCF_030167965.1,GCF_030167965.1,Streptomyces,NCBI,globosus,HQ,99.55516014234875,0.4067107269954245,6930105,2,7480092,0.7371819758366608,Complete Genome,2023,2023-06-05
GCF_030286025.1,GCF_030286025.1,Streptomyces,NCBI,anulatus,HQ,99.4661921708185,0.3516353160481273,8548838,1,8548838,0.7153797894899937,Chromosome,2023,2023-06-18
GCF_030291795.1,GCF_030291795.1,Streptomyces,NCBI,antimycoticus,HQ,100.0,1.3157894736842106,9718239,1,9718239,0.7104036029572848,Complete Genome,2023,2023-06-20
GCF_030294945.1,GCF_030294945.1,Streptomyces,NCBI,sp.,HQ,100.0,1.9926425505824643,11602651,1,11602651,0.7028880727344121,Complete Genome,2023,2023-03-28
GCF_900104935.1,GCF_900104935.1,Streptomyces,NCBI,anthocyanicus,HQ,100.0,0.0,8620263,1,8620263,0.7211515605911396,Chromosome,2016,2016-10-21
GCF_900129855.1,GCF_900129855.1,Streptomyces,NCBI,sp900129855,HQ,100.0,1.07,9375551,1,9375551,0.7066898435072617,Chromosome,2016,2016-12-02
GCF_900221035.1,GCF_900221035.1,Streptomyces,NCBI,sioyaensis,HQ,99.91,1.17,8212455,1,8212455,0.7118642581817274,Chromosome,2017,2017-09-19
GCF_900236475.1,GCF_900236475.1,Streptomyces,NCBI,chartreusis_D,HQ,100.0,0.0,8983317,1,8983317,0.7122573989095564,Complete Genome,2018,2018-01-10
GCF_900236505.1,GCF_900236505.1,Streptomyces,NCBI,chartreusis_D,HQ,100.0,0.0,8983317,1,8983317,0.7122573989095564,Complete Genome,2018,2018-01-10
GCF_904440635.1,GCF_904440635.1,Streptomyces,NCBI,cyaneofuscatus,HQ,99.84,0.45,7838151,1,7838151,0.715815375335331,Complete Genome,2021,2021-01-27
GCF_904440645.1,GCF_904440645.1,Streptomyces,NCBI,cyaneofuscatus,HQ,99.84,0.45,7837660,1,7837660,0.7158437594894395,Complete Genome,2021,2021-01-27
GCF_947311705.1,GCF_947311705.1,Streptomyces,NCBI,albidoflavus,HQ,99.32045779685264,0.5722460658082975,7047941,3,7136301,0.7335297376049581,Complete Genome,2022,2022-12-03
